id_equipamento,chuva_acumulada_mm,umidade_solo_pct,inclinacao_graus,peso_maquina_ton,distancia_corpo_agua_m,ocorreu_acidente
COLHEITADEIRA-II,82.55,63.26,4.49,17.51,592.57,0
PULVERIZADOR-I,8.14,27.29,20.25,23.68,379.92,0
COLHEITADEIRA-I,36.12,46.46,24.27,12.2,501.94,0
PULVERIZADOR-I,84.98,73.12,24.52,19.69,605.07,0
PULVERIZADOR-I,8.08,30.78,26.37,13.49,559.89,0
TRATOR-II,69.86,69.77,30.55,12.35,486.41,1
COLHEITADEIRA-I,41.51,35.2,17.5,20.25,504.93,0
COLHEITADEIRA-I,74.51,68.63,25.56,18.91,176.41,1
COLHEITADEIRA-I,5.49,42.2,21.67,21.32,812.73,0
PULVERIZADOR-I,104.58,88.32,6.53,14.64,541.76,0
COLHEITADEIRA-II,116.82,100.0,0.9,16.72,131.08,1
COLHEITADEIRA-I,116.27,89.12,9.96,16.08,766.16,0
PULVERIZADOR-I,89.96,87.19,15.51,24.76,932.44,0
TRATOR-II,15.61,42.55,21.6,14.38,947.31,0
COLHEITADEIRA-II,90.99,80.23,29.75,14.42,369.02,1
TRATOR-II,2.95,41.05,6.87,15.32,135.52,0
COLHEITADEIRA-II,2.65,15.36,4.39,18.47,518.4,0
PULVERIZADOR-I,38.83,33.81,33.72,13.78,112.61,1
TRATOR-I,58.64,68.29,3.78,23.73,933.99,0
COLHEITADEIRA-II,92.45,89.68,16.75,13.99,183.58,1
TRATOR-II,82.0,62.8,20.49,23.44,252.77,0
PULVERIZADOR-I,53.51,50.07,18.95,11.55,406.64,0
COLHEITADEIRA-II,32.84,30.23,3.01,19.85,383.16,0
TRATOR-I,119.65,90.59,2.0,23.6,794.66,0
TRATOR-I,51.14,63.88,3.69,12.53,456.32,0
COLHEITADEIRA-I,54.17,58.04,20.5,24.52,170.77,1
COLHEITADEIRA-I,19.63,32.22,19.05,16.79,267.21,0
TRATOR-II,95.38,78.38,8.18,24.19,509.11,0
COLHEITADEIRA-II,83.24,59.99,22.32,20.15,147.45,1
COLHEITADEIRA-II,26.49,34.89,28.7,14.52,611.66,0
COLHEITADEIRA-I,9.89,35.33,1.46,12.82,565.75,0
COLHEITADEIRA-II,81.66,88.22,17.43,14.56,714.7,0
COLHEITADEIRA-II,78.54,82.54,24.13,11.4,937.7,1
TRATOR-I,32.79,30.38,8.83,12.16,912.25,0
COLHEITADEIRA-I,114.1,100.0,10.77,11.57,946.08,0
PULVERIZADOR-I,18.13,44.37,21.48,16.34,244.72,0
COLHEITADEIRA-I,51.88,64.54,31.43,21.93,131.57,1
PULVERIZADOR-I,113.23,91.68,28.35,12.12,302.28,1
TRATOR-I,50.37,52.16,20.41,11.95,895.09,0
TRATOR-II,76.62,65.06,25.56,19.65,972.05,0
COLHEITADEIRA-II,47.71,40.6,12.77,12.96,859.32,0
TRATOR-I,32.91,36.59,22.43,11.46,110.02,0
COLHEITADEIRA-II,118.08,88.24,16.32,12.5,947.43,0
TRATOR-II,49.12,53.99,6.65,23.86,423.36,0
TRATOR-II,107.29,96.8,24.56,22.32,9.31,1
TRATOR-I,27.59,40.77,19.48,15.31,442.39,0
TRATOR-II,25.57,27.08,12.55,19.84,46.07,0
PULVERIZADOR-I,3.74,40.98,31.9,18.06,543.88,0
TRATOR-II,78.2,85.2,0.73,20.16,338.55,0
COLHEITADEIRA-II,44.22,60.09,11.05,20.24,473.43,0
COLHEITADEIRA-II,103.72,100.0,1.99,19.43,613.17,0
COLHEITADEIRA-II,56.79,60.41,26.83,13.99,868.8,0
COLHEITADEIRA-II,116.18,100.0,24.57,10.59,661.9,1
PULVERIZADOR-I,22.26,25.63,11.6,16.83,434.05,0
COLHEITADEIRA-I,104.23,83.51,23.65,23.36,819.43,0
TRATOR-I,93.19,72.68,13.86,18.54,905.58,0
COLHEITADEIRA-II,92.51,71.38,26.47,22.49,119.76,1
TRATOR-II,101.37,75.05,15.9,24.87,531.93,0
COLHEITADEIRA-II,91.32,83.47,14.43,12.45,284.51,0
TRATOR-II,75.15,78.53,32.72,20.38,47.06,1
TRATOR-II,15.75,36.8,8.78,20.11,668.55,0
COLHEITADEIRA-II,3.9,16.75,4.22,24.7,862.77,0
PULVERIZADOR-I,110.5,100.0,20.46,24.78,162.9,1
TRATOR-II,74.0,73.48,33.93,20.3,812.41,1
TRATOR-II,95.58,79.0,13.22,13.65,853.4,0
COLHEITADEIRA-II,57.78,64.89,2.17,21.98,914.34,0
TRATOR-II,14.08,26.24,11.88,11.61,265.29,0
TRATOR-II,15.02,29.37,17.71,21.71,903.95,0
COLHEITADEIRA-II,82.27,86.89,5.67,23.65,320.66,0
COLHEITADEIRA-II,51.64,49.7,23.03,15.74,552.34,0
TRATOR-I,24.06,38.54,34.92,19.46,50.51,1
PULVERIZADOR-I,58.99,72.1,15.81,16.45,43.88,1
PULVERIZADOR-I,7.71,35.85,12.42,16.57,720.37,0
TRATOR-II,69.84,53.77,14.02,14.66,444.48,0
PULVERIZADOR-I,32.28,33.79,4.03,21.43,256.29,0
TRATOR-II,95.71,67.66,30.91,24.04,190.41,1
TRATOR-I,37.24,51.27,14.52,24.11,669.95,0
COLHEITADEIRA-II,54.63,56.21,13.55,12.62,0.4,0
COLHEITADEIRA-II,1.39,14.86,23.09,23.12,805.89,0
COLHEITADEIRA-II,8.69,43.95,15.47,21.06,79.25,1
PULVERIZADOR-I,47.1,54.15,22.69,13.79,191.49,1
TRATOR-I,57.59,51.81,2.15,11.01,386.24,0
PULVERIZADOR-I,72.0,68.22,28.48,14.02,484.86,1
PULVERIZADOR-I,35.0,51.39,32.92,23.68,355.0,1
TRATOR-I,83.4,62.33,22.71,19.5,320.71,1
TRATOR-I,103.21,80.17,33.41,20.82,963.92,1
TRATOR-I,93.58,90.36,5.3,13.86,641.58,0
TRATOR-I,4.75,26.64,16.71,20.79,23.43,0
COLHEITADEIRA-II,57.66,60.99,21.06,10.42,430.18,0
COLHEITADEIRA-I,12.59,30.54,20.36,15.63,875.01,0
COLHEITADEIRA-I,29.05,28.74,14.05,19.4,301.46,0
TRATOR-I,118.4,86.01,11.83,12.19,94.56,0
COLHEITADEIRA-I,17.1,33.63,4.44,22.35,758.38,0
COLHEITADEIRA-I,59.87,52.2,13.71,13.53,606.01,0
TRATOR-I,74.18,56.01,5.69,19.78,570.31,0
COLHEITADEIRA-I,84.3,85.89,25.7,16.08,53.58,1
PULVERIZADOR-I,67.16,79.73,7.31,18.94,140.5,0
TRATOR-II,1.17,34.5,2.05,11.61,622.55,0
TRATOR-II,39.18,59.12,19.33,10.25,207.82,0
TRATOR-I,62.13,54.53,20.83,23.64,504.07,0
COLHEITADEIRA-II,10.54,45.15,30.52,14.04,544.88,0
TRATOR-I,42.08,41.15,20.19,22.3,283.51,0
COLHEITADEIRA-II,3.98,40.93,12.09,24.99,948.43,0
TRATOR-II,9.43,45.5,28.11,13.17,842.46,0
TRATOR-I,47.63,59.93,18.91,13.98,722.37,0
PULVERIZADOR-I,15.93,48.99,2.77,19.94,77.99,0
COLHEITADEIRA-I,68.1,67.95,19.8,24.48,106.13,0
COLHEITADEIRA-II,82.74,67.43,31.78,23.74,492.78,1
COLHEITADEIRA-I,96.07,80.75,13.87,17.54,160.71,0
COLHEITADEIRA-I,24.02,42.22,10.37,21.93,978.27,0
TRATOR-I,20.1,24.25,5.02,12.04,158.52,0
COLHEITADEIRA-I,12.55,36.2,5.3,24.66,487.47,0
PULVERIZADOR-I,76.37,85.26,15.15,24.47,364.12,0
COLHEITADEIRA-I,84.78,66.57,20.85,12.46,639.39,0
TRATOR-I,3.79,36.05,2.82,14.49,129.04,0
PULVERIZADOR-I,112.35,100.0,32.88,11.5,430.32,1
TRATOR-II,6.24,42.05,26.43,14.08,274.71,0
COLHEITADEIRA-I,64.96,77.78,20.53,22.24,887.75,0
TRATOR-I,85.09,76.7,29.0,15.67,40.59,1
TRATOR-II,104.52,100.0,2.81,11.33,913.73,0
TRATOR-II,85.69,84.13,16.69,15.13,832.99,1
COLHEITADEIRA-II,96.21,72.57,22.05,24.72,297.57,1
PULVERIZADOR-I,40.73,48.75,29.0,19.45,789.29,1
COLHEITADEIRA-I,97.78,90.22,27.42,16.24,31.21,1
TRATOR-I,9.61,23.19,9.7,12.5,966.87,0
COLHEITADEIRA-II,107.38,93.65,32.93,24.79,526.59,1
PULVERIZADOR-I,65.71,69.42,4.35,22.31,303.28,0
COLHEITADEIRA-II,98.08,73.73,30.63,14.22,362.58,1
PULVERIZADOR-I,54.28,59.52,33.98,11.05,66.41,1
PULVERIZADOR-I,77.23,79.49,6.2,10.85,989.35,0
COLHEITADEIRA-I,63.17,62.87,25.27,11.81,39.29,1
PULVERIZADOR-I,87.79,63.04,1.41,18.71,654.91,0
COLHEITADEIRA-II,9.8,16.15,14.19,23.93,442.74,0
PULVERIZADOR-I,7.24,25.06,18.07,17.45,948.92,0
COLHEITADEIRA-I,29.65,55.58,20.32,22.64,246.0,1
COLHEITADEIRA-I,19.15,28.35,32.76,16.69,532.09,1
COLHEITADEIRA-II,104.61,91.8,23.53,20.63,482.36,1
TRATOR-II,26.31,32.45,16.84,20.98,702.87,0
TRATOR-II,117.1,89.91,28.34,12.61,68.01,1
PULVERIZADOR-I,40.43,59.7,33.27,15.42,193.79,1
TRATOR-I,21.85,44.98,0.77,19.56,214.56,0
PULVERIZADOR-I,94.76,69.72,34.39,11.06,738.15,0
COLHEITADEIRA-II,79.04,70.29,3.01,15.42,189.14,0
COLHEITADEIRA-II,59.78,46.75,28.5,18.02,573.49,1
COLHEITADEIRA-II,66.64,64.41,9.81,24.94,215.24,0
COLHEITADEIRA-II,86.3,81.66,4.63,17.12,861.62,0
COLHEITADEIRA-II,27.41,30.0,15.39,22.24,942.19,0
COLHEITADEIRA-I,119.56,90.4,22.54,16.48,518.49,0
TRATOR-II,116.98,92.12,13.33,21.95,352.31,0
COLHEITADEIRA-II,78.04,84.41,1.91,18.93,234.06,0
TRATOR-I,23.95,54.16,20.98,23.3,49.78,1
TRATOR-I,81.63,60.32,31.58,16.16,268.5,1
TRATOR-I,8.66,38.03,13.41,19.06,654.24,0
TRATOR-I,3.68,23.36,7.57,19.45,533.62,0
COLHEITADEIRA-I,30.92,40.33,15.49,16.26,944.04,0
TRATOR-I,55.51,65.94,1.69,12.16,396.28,0
COLHEITADEIRA-II,104.19,100.0,28.72,11.4,693.86,1
PULVERIZADOR-I,87.26,90.88,28.92,10.25,489.32,1
TRATOR-I,89.12,80.79,20.58,23.1,512.58,1
COLHEITADEIRA-I,51.06,51.35,12.36,13.55,267.77,0
COLHEITADEIRA-I,41.51,58.53,27.99,13.17,454.95,1
TRATOR-I,44.52,44.24,19.41,21.04,470.78,0
PULVERIZADOR-I,118.52,98.03,28.91,14.8,706.64,1
TRATOR-I,4.81,23.65,22.1,17.59,940.64,0
COLHEITADEIRA-I,104.04,92.13,27.45,12.44,329.32,1
TRATOR-II,69.44,58.88,20.95,24.4,42.2,1
COLHEITADEIRA-II,52.63,47.33,14.49,22.77,496.3,0
COLHEITADEIRA-I,87.03,89.77,33.53,22.96,544.46,1
TRATOR-I,58.4,48.09,18.94,16.1,168.44,1
COLHEITADEIRA-II,104.81,88.07,21.18,21.44,760.46,1
TRATOR-I,108.08,81.48,7.72,12.16,984.93,0
TRATOR-I,50.61,41.53,21.9,10.13,945.77,0
TRATOR-II,33.22,31.01,20.01,10.3,197.11,0
COLHEITADEIRA-II,71.08,57.91,6.47,18.8,875.36,0
COLHEITADEIRA-II,109.48,100.0,2.09,16.83,704.49,0
TRATOR-II,25.28,33.64,21.15,17.77,453.85,0
COLHEITADEIRA-I,74.76,83.37,26.73,10.11,540.61,1
TRATOR-I,75.79,72.92,18.32,16.34,849.6,0
PULVERIZADOR-I,87.97,75.88,7.94,20.77,480.13,0
TRATOR-I,15.79,36.88,23.33,16.64,373.21,0
TRATOR-I,85.9,77.04,2.8,20.98,493.25,0
COLHEITADEIRA-I,109.08,98.21,15.46,13.5,579.13,0
TRATOR-I,21.56,31.41,5.72,22.2,189.08,0
TRATOR-II,28.51,37.69,6.46,18.83,900.91,0
TRATOR-II,116.57,100.0,7.08,13.16,674.19,0
COLHEITADEIRA-II,21.72,51.42,13.53,13.55,633.27,0
PULVERIZADOR-I,102.53,98.29,1.79,19.42,99.5,1
TRATOR-I,59.07,58.03,13.92,22.45,604.17,0
TRATOR-I,29.67,51.21,17.91,16.23,120.96,0
COLHEITADEIRA-I,104.49,86.98,16.92,13.87,78.7,0
TRATOR-II,53.44,56.99,13.4,23.01,527.31,0
PULVERIZADOR-I,61.78,53.21,29.37,20.04,402.79,1
COLHEITADEIRA-II,43.11,53.6,5.09,16.72,588.81,0
TRATOR-II,71.15,58.28,17.7,17.32,89.22,0
COLHEITADEIRA-II,19.62,31.72,2.17,13.06,430.98,0
COLHEITADEIRA-I,46.93,63.81,2.49,19.4,174.79,0
COLHEITADEIRA-I,116.33,86.01,20.09,15.38,987.1,1
TRATOR-I,30.98,30.72,19.81,24.93,561.15,0
PULVERIZADOR-I,78.81,59.36,30.73,17.2,687.44,0
COLHEITADEIRA-II,39.02,61.64,19.53,17.29,325.42,0
TRATOR-II,92.82,80.9,33.59,18.49,94.74,1
COLHEITADEIRA-I,15.7,31.71,1.7,23.75,975.87,0
TRATOR-I,116.38,100.0,3.43,22.01,286.26,0
TRATOR-I,54.45,67.75,1.54,16.77,423.81,0
COLHEITADEIRA-II,28.33,36.96,6.48,20.78,649.86,0
COLHEITADEIRA-I,8.82,36.1,18.94,18.79,24.7,0
PULVERIZADOR-I,20.37,45.36,22.6,17.39,810.26,0
COLHEITADEIRA-I,62.37,67.06,1.6,12.88,536.58,0
COLHEITADEIRA-II,40.44,38.81,33.11,16.96,278.22,1
COLHEITADEIRA-II,99.47,95.96,29.48,13.69,61.61,1
COLHEITADEIRA-I,51.71,57.2,10.38,23.72,162.5,0
COLHEITADEIRA-II,29.85,36.38,2.7,15.03,895.03,0
COLHEITADEIRA-I,74.06,67.19,5.95,24.28,686.02,0
TRATOR-II,84.81,62.02,4.44,18.0,249.9,0
COLHEITADEIRA-I,20.05,25.86,4.31,19.47,65.6,0
COLHEITADEIRA-I,20.11,45.03,18.15,18.14,690.62,0
COLHEITADEIRA-II,4.4,12.64,8.6,11.94,572.41,0
COLHEITADEIRA-II,88.37,75.52,12.53,15.64,404.52,0
TRATOR-I,79.66,73.47,34.63,11.49,363.61,1
TRATOR-I,56.96,45.81,23.95,19.34,216.81,0
TRATOR-II,101.3,99.97,33.21,16.7,669.61,1
TRATOR-I,96.68,74.79,4.99,21.67,970.67,0
COLHEITADEIRA-I,70.24,61.27,13.37,13.31,175.72,1
COLHEITADEIRA-II,104.19,81.63,19.42,12.47,597.12,0
TRATOR-I,24.7,31.73,2.69,16.09,424.19,0
TRATOR-I,13.43,18.1,0.15,23.9,446.69,0
TRATOR-II,32.37,51.3,23.47,20.66,254.15,0
TRATOR-II,6.85,43.12,22.46,16.28,825.13,0
COLHEITADEIRA-I,63.74,54.97,14.38,17.76,485.26,0
COLHEITADEIRA-II,112.39,97.33,17.14,11.26,543.41,0
TRATOR-II,4.72,35.09,14.54,24.77,304.76,0
TRATOR-I,14.65,44.24,0.84,20.0,181.81,0
COLHEITADEIRA-II,54.26,55.24,11.74,14.28,85.91,0
COLHEITADEIRA-II,112.07,86.33,6.2,18.79,714.12,0
TRATOR-I,37.94,42.52,3.44,11.64,196.23,0
TRATOR-II,60.87,67.9,33.49,24.49,690.08,1
TRATOR-I,4.99,37.5,20.98,12.62,390.38,0
COLHEITADEIRA-II,17.8,26.13,25.5,19.72,415.77,0
PULVERIZADOR-I,118.4,92.17,11.04,13.68,469.18,0
PULVERIZADOR-I,115.81,100.0,13.76,20.76,367.71,1
COLHEITADEIRA-I,0.59,34.56,8.29,21.65,100.62,0
TRATOR-I,114.22,100.0,3.39,20.1,309.63,0
TRATOR-I,76.69,78.64,6.27,19.22,663.73,0
COLHEITADEIRA-I,104.15,84.29,27.91,23.39,665.78,1
COLHEITADEIRA-I,54.57,60.46,23.71,11.18,286.22,0
COLHEITADEIRA-I,61.87,66.95,19.14,14.96,460.1,0
COLHEITADEIRA-II,58.66,47.55,16.63,13.72,193.45,0
TRATOR-I,80.02,74.35,32.29,24.82,210.37,1
COLHEITADEIRA-II,16.76,41.33,2.55,15.84,23.05,0
COLHEITADEIRA-I,3.6,17.18,9.82,20.99,896.75,0
TRATOR-I,36.95,55.59,12.25,20.27,210.71,0
COLHEITADEIRA-II,84.56,78.25,27.38,13.18,227.53,1
COLHEITADEIRA-II,24.22,53.1,34.74,13.58,279.6,1
COLHEITADEIRA-I,80.81,59.76,8.42,14.22,127.41,0
TRATOR-I,116.39,87.79,30.6,16.17,639.26,1
COLHEITADEIRA-I,11.27,34.81,29.07,13.51,75.14,1
TRATOR-I,80.71,67.32,7.86,10.29,134.2,0
PULVERIZADOR-I,53.25,63.38,13.98,23.19,644.76,0
TRATOR-II,104.18,95.28,14.34,24.48,339.66,1
TRATOR-II,21.26,25.83,34.24,15.12,707.95,0
TRATOR-II,83.12,75.28,6.33,15.08,557.42,0
COLHEITADEIRA-I,100.57,85.61,27.97,10.11,256.02,0
PULVERIZADOR-I,113.35,89.09,11.7,20.2,650.83,0
TRATOR-I,81.99,87.18,25.58,22.38,116.27,1
COLHEITADEIRA-II,59.66,70.62,14.7,12.2,536.41,0
TRATOR-I,74.14,75.4,20.24,12.39,437.15,0
COLHEITADEIRA-II,104.27,93.99,29.14,21.85,267.87,1
TRATOR-I,68.47,64.94,28.15,19.24,604.0,0
PULVERIZADOR-I,3.65,39.82,30.32,10.67,871.33,0
COLHEITADEIRA-II,111.71,97.87,2.09,19.34,998.9,0
COLHEITADEIRA-I,82.74,81.52,24.22,14.63,607.76,0
TRATOR-I,81.18,84.56,4.9,15.53,404.71,0
TRATOR-I,25.88,33.75,14.55,21.55,225.21,0
COLHEITADEIRA-II,79.07,81.65,19.2,22.16,257.1,1
COLHEITADEIRA-I,47.26,44.22,14.1,16.01,479.45,0
COLHEITADEIRA-I,78.15,67.25,18.19,24.21,367.28,0
PULVERIZADOR-I,12.79,27.74,34.88,16.1,913.81,1
COLHEITADEIRA-I,78.94,86.72,4.73,21.58,368.3,0
COLHEITADEIRA-I,119.93,100.0,23.64,17.26,373.44,1
COLHEITADEIRA-I,5.79,34.51,13.86,23.46,383.53,0
TRATOR-II,117.26,100.0,4.66,23.62,836.62,0
PULVERIZADOR-I,48.83,56.16,5.56,11.31,650.79,0
TRATOR-I,104.49,100.0,33.22,24.05,614.17,1
COLHEITADEIRA-II,93.89,81.22,30.79,22.38,334.14,1
TRATOR-I,68.04,62.24,31.75,21.87,817.9,1
PULVERIZADOR-I,88.61,68.06,34.7,13.01,38.36,1
COLHEITADEIRA-II,105.42,96.84,7.29,22.08,870.8,0
PULVERIZADOR-I,48.5,61.13,12.44,22.75,512.75,0
COLHEITADEIRA-I,39.24,45.08,23.42,14.34,398.25,0
COLHEITADEIRA-II,80.11,58.82,16.93,24.28,497.17,0
COLHEITADEIRA-I,96.94,93.33,14.64,10.75,667.42,0
TRATOR-I,91.47,65.23,12.52,12.25,12.77,1
TRATOR-I,95.74,88.55,20.78,18.06,871.55,1
COLHEITADEIRA-II,52.27,70.47,20.15,18.64,446.74,0
COLHEITADEIRA-II,98.14,82.01,5.65,19.68,342.97,0
PULVERIZADOR-I,14.43,25.7,16.51,10.25,138.25,0
PULVERIZADOR-I,65.34,70.35,19.37,24.41,439.47,0
COLHEITADEIRA-I,0.69,34.93,19.96,10.67,496.32,0
COLHEITADEIRA-II,38.95,49.76,7.35,12.15,403.65,0
TRATOR-I,43.98,65.4,25.98,10.21,678.66,0
PULVERIZADOR-I,47.54,40.07,0.88,18.5,420.9,0
PULVERIZADOR-I,83.46,75.22,12.42,23.98,961.42,0
TRATOR-I,46.63,59.53,27.31,19.99,599.28,0
PULVERIZADOR-I,53.84,68.19,19.74,22.34,807.48,0
COLHEITADEIRA-I,28.51,32.48,9.14,10.2,109.36,0
COLHEITADEIRA-II,44.79,60.87,24.32,18.13,397.29,0
TRATOR-I,27.27,42.94,19.86,16.89,336.85,0
COLHEITADEIRA-II,8.78,27.17,27.87,17.48,569.48,0
PULVERIZADOR-I,72.41,57.4,25.73,11.08,861.11,0
PULVERIZADOR-I,80.19,84.07,21.35,20.27,78.34,0
TRATOR-I,74.34,59.32,17.09,17.55,72.57,1
COLHEITADEIRA-I,55.62,52.67,4.66,21.48,850.32,0
TRATOR-II,45.57,46.05,9.15,17.28,212.85,0
TRATOR-I,103.6,98.3,14.67,12.24,668.75,0
TRATOR-II,62.29,67.55,20.98,19.72,542.88,0
TRATOR-II,57.5,68.4,17.98,12.59,832.89,0
COLHEITADEIRA-I,3.08,19.36,10.09,23.09,125.09,0
TRATOR-II,40.95,53.32,0.23,19.2,129.78,0
TRATOR-II,45.62,54.53,17.37,12.36,556.82,0
COLHEITADEIRA-I,47.86,63.7,10.0,24.44,946.38,0
TRATOR-II,69.62,78.96,25.71,17.78,415.0,1
TRATOR-II,64.03,48.78,0.84,11.09,326.94,0
TRATOR-II,72.95,73.99,20.47,19.4,606.69,0
TRATOR-I,91.79,66.63,32.95,13.8,930.45,1
TRATOR-I,97.56,85.0,6.1,22.06,836.93,0
TRATOR-I,86.17,70.33,16.51,22.27,995.48,0
COLHEITADEIRA-I,114.66,88.0,3.2,24.68,22.57,0
PULVERIZADOR-I,2.19,21.9,21.9,17.53,112.86,0
TRATOR-II,23.49,42.73,19.27,16.82,609.47,0
TRATOR-II,0.91,20.57,14.26,21.3,820.58,0
COLHEITADEIRA-I,77.7,78.6,18.25,11.99,285.24,1
TRATOR-II,107.76,86.79,31.38,18.2,239.21,1
TRATOR-I,29.22,29.58,6.87,18.19,786.98,0
PULVERIZADOR-I,111.24,100.0,0.79,11.34,56.38,0
COLHEITADEIRA-II,7.23,22.91,30.16,16.27,369.38,0
TRATOR-II,112.13,90.26,20.2,22.8,505.81,1
TRATOR-I,42.19,55.88,31.17,22.84,560.35,1
COLHEITADEIRA-II,12.17,27.28,20.89,11.49,728.62,0
PULVERIZADOR-I,58.3,46.68,28.36,11.36,354.85,1
COLHEITADEIRA-II,30.81,39.71,15.04,13.94,612.68,0
TRATOR-I,34.18,58.84,26.25,23.12,585.38,0
COLHEITADEIRA-II,36.87,51.38,31.96,11.93,547.62,0
COLHEITADEIRA-I,96.36,87.96,20.02,20.8,640.48,1
COLHEITADEIRA-II,64.7,67.79,6.33,11.52,259.45,0
TRATOR-II,37.36,38.38,9.41,19.35,84.65,0
TRATOR-II,73.24,66.49,6.95,15.34,119.27,0
COLHEITADEIRA-I,85.94,84.09,8.64,21.83,224.58,0
TRATOR-I,32.71,32.67,10.72,13.51,500.2,0
TRATOR-II,49.63,48.11,19.43,19.59,840.44,0
PULVERIZADOR-I,14.63,27.07,20.58,13.54,701.29,0
TRATOR-II,21.74,36.0,14.93,20.7,789.04,0
TRATOR-II,81.73,88.45,21.54,23.11,350.98,0
TRATOR-I,21.77,25.09,2.86,11.9,404.65,0
COLHEITADEIRA-II,63.02,63.37,3.07,23.0,393.68,0
TRATOR-II,85.09,66.43,6.01,18.9,191.87,0
COLHEITADEIRA-I,12.83,46.82,18.13,11.91,61.22,0
COLHEITADEIRA-II,68.08,54.25,7.49,16.41,590.92,0
PULVERIZADOR-I,30.79,40.58,9.91,12.41,989.22,0
TRATOR-I,115.55,100.0,14.01,20.51,166.83,1
PULVERIZADOR-I,58.03,65.95,28.42,21.38,46.68,1
COLHEITADEIRA-II,96.72,80.71,0.49,11.59,779.53,0
COLHEITADEIRA-II,66.03,60.01,22.73,17.59,252.59,0
COLHEITADEIRA-II,5.21,25.05,23.41,22.22,829.64,0
PULVERIZADOR-I,75.98,63.52,27.95,24.04,703.94,1
COLHEITADEIRA-II,114.17,84.66,32.65,17.7,945.67,1
PULVERIZADOR-I,72.19,67.81,0.7,24.25,408.93,0
COLHEITADEIRA-II,98.3,77.04,5.38,18.04,661.97,0
COLHEITADEIRA-I,106.1,82.29,31.02,15.91,464.85,1
COLHEITADEIRA-II,27.37,46.12,16.05,22.72,630.59,0
PULVERIZADOR-I,25.45,54.32,19.76,17.39,449.6,1
TRATOR-II,73.32,72.1,23.21,17.08,188.63,1
COLHEITADEIRA-II,49.32,41.9,23.77,17.35,507.9,0
TRATOR-II,100.78,72.74,32.61,22.7,528.58,1
COLHEITADEIRA-I,108.0,100.0,34.89,22.48,810.6,1
TRATOR-I,42.41,44.37,25.21,16.05,735.52,0
COLHEITADEIRA-I,28.42,29.82,10.05,15.0,663.79,0
COLHEITADEIRA-II,93.66,84.17,30.79,17.38,113.39,1
TRATOR-II,32.98,48.5,1.72,18.59,720.62,0
TRATOR-II,98.71,88.68,8.09,13.58,500.31,0
PULVERIZADOR-I,50.85,48.53,31.41,21.91,894.1,1
TRATOR-II,80.11,58.52,8.97,17.3,919.87,0
PULVERIZADOR-I,11.46,45.83,7.72,15.01,55.16,0
TRATOR-I,74.86,62.44,4.83,11.6,820.64,0
COLHEITADEIRA-II,54.21,62.81,30.07,13.58,37.7,1
PULVERIZADOR-I,70.39,73.43,17.5,24.24,367.17,0
TRATOR-I,20.16,40.4,23.62,14.58,542.3,1
TRATOR-II,88.42,72.44,8.37,12.53,148.1,0
TRATOR-II,103.54,80.25,26.53,16.91,746.31,0
TRATOR-I,26.01,43.54,26.6,14.61,8.35,1
TRATOR-II,11.49,42.87,10.94,10.53,168.6,0
TRATOR-I,2.84,40.1,14.37,14.85,580.8,0
PULVERIZADOR-I,77.04,59.4,7.34,18.16,714.39,0
PULVERIZADOR-I,72.85,58.36,34.18,18.28,916.64,1
TRATOR-I,65.6,77.7,22.6,15.35,705.5,1
PULVERIZADOR-I,27.83,48.8,32.71,16.71,671.78,1
PULVERIZADOR-I,46.91,64.64,10.62,24.48,394.34,0
PULVERIZADOR-I,71.34,58.88,27.37,15.66,1.28,1
COLHEITADEIRA-I,59.61,63.39,26.81,13.87,120.16,1
COLHEITADEIRA-II,118.53,100.0,24.21,13.65,534.55,1
TRATOR-II,16.37,40.23,33.8,16.87,675.13,1
COLHEITADEIRA-I,83.42,72.29,13.77,21.39,417.45,0
PULVERIZADOR-I,48.52,39.57,4.58,13.09,730.68,0
TRATOR-I,51.38,58.32,23.51,20.64,521.86,0
PULVERIZADOR-I,86.11,69.26,25.53,10.32,74.18,1
COLHEITADEIRA-II,83.09,73.36,20.13,16.28,192.02,1
PULVERIZADOR-I,118.95,100.0,7.24,21.64,840.0,0
TRATOR-I,15.41,31.22,17.66,15.08,724.91,0
COLHEITADEIRA-II,12.49,42.69,10.93,18.46,894.76,0
PULVERIZADOR-I,86.92,67.81,14.96,13.07,117.56,0
COLHEITADEIRA-II,69.41,71.82,22.58,21.13,990.22,0
TRATOR-II,32.9,59.05,26.08,10.78,209.41,0
TRATOR-II,9.53,18.77,8.13,22.79,11.78,0
PULVERIZADOR-I,10.28,16.42,14.19,12.97,997.42,0
COLHEITADEIRA-II,107.3,87.39,9.42,23.12,281.07,0
TRATOR-I,23.02,26.59,6.95,15.29,668.02,0
PULVERIZADOR-I,38.8,55.73,27.42,20.84,176.68,1
TRATOR-II,27.2,53.76,31.82,14.79,580.23,1
TRATOR-II,42.6,48.58,12.96,23.59,904.03,0
PULVERIZADOR-I,8.33,22.76,26.29,11.9,320.18,0
COLHEITADEIRA-II,62.29,60.4,31.39,12.68,670.25,1
TRATOR-II,8.11,36.57,29.61,17.4,187.9,1
COLHEITADEIRA-II,96.04,67.9,6.4,11.23,624.8,0
TRATOR-II,28.05,44.51,33.47,12.94,336.45,1
TRATOR-II,64.8,67.28,13.18,24.16,211.21,0
COLHEITADEIRA-I,105.61,92.5,11.87,24.65,313.18,1
TRATOR-II,78.11,64.12,2.19,15.64,178.84,0
TRATOR-I,63.95,69.79,17.02,23.85,901.92,0
PULVERIZADOR-I,38.92,36.09,3.82,18.17,397.19,0
PULVERIZADOR-I,39.96,39.95,8.7,14.05,245.28,0
COLHEITADEIRA-II,80.34,84.53,11.09,20.54,448.41,0
TRATOR-II,119.3,100.0,28.31,19.88,320.54,1
TRATOR-I,79.42,58.06,30.64,24.84,744.42,0
COLHEITADEIRA-II,66.93,57.61,10.59,13.98,971.22,0
COLHEITADEIRA-I,87.68,69.04,30.05,20.08,438.03,1
COLHEITADEIRA-II,55.82,51.62,30.0,10.78,861.03,1
COLHEITADEIRA-II,7.22,21.76,26.76,11.7,565.86,0
TRATOR-II,67.48,52.36,5.13,10.06,157.24,0
COLHEITADEIRA-I,114.92,92.72,24.16,24.99,690.62,1
COLHEITADEIRA-II,21.04,44.6,33.08,22.03,513.43,0
TRATOR-I,82.8,77.88,23.89,21.8,650.61,1
TRATOR-I,24.11,44.65,11.61,17.65,889.69,0
PULVERIZADOR-I,64.3,51.01,17.52,14.5,440.43,0
COLHEITADEIRA-I,11.6,45.51,22.6,12.27,901.18,0
COLHEITADEIRA-I,54.04,67.58,17.87,14.27,750.67,0
PULVERIZADOR-I,90.74,88.6,4.2,15.64,488.6,0
COLHEITADEIRA-II,41.71,59.71,10.92,21.34,603.22,0
COLHEITADEIRA-I,79.79,85.85,28.08,18.09,325.58,1
TRATOR-I,95.45,83.6,30.15,11.16,983.6,1
TRATOR-I,111.26,82.77,4.81,10.27,667.35,0
TRATOR-II,28.16,45.4,33.33,11.53,43.85,1
COLHEITADEIRA-I,47.92,61.04,11.51,16.16,326.62,0
COLHEITADEIRA-II,18.29,43.11,23.18,24.0,623.31,0
PULVERIZADOR-I,119.1,97.1,26.31,19.56,56.33,1
PULVERIZADOR-I,111.24,78.8,28.42,22.03,23.88,1
COLHEITADEIRA-II,64.79,60.01,33.1,17.0,450.02,1
TRATOR-II,101.04,98.25,10.95,15.42,332.69,0
PULVERIZADOR-I,62.51,65.04,30.05,11.63,438.3,1
COLHEITADEIRA-I,74.83,71.05,4.61,23.14,262.69,0
TRATOR-II,10.69,24.48,24.68,21.75,164.72,0
COLHEITADEIRA-I,90.63,75.43,25.97,12.52,689.14,0
TRATOR-I,15.33,46.06,23.72,17.68,514.57,0
TRATOR-II,99.13,89.47,8.83,17.31,200.15,0
PULVERIZADOR-I,93.84,89.93,30.56,19.38,319.59,1
TRATOR-II,85.05,74.66,5.91,24.19,591.81,0
TRATOR-II,4.34,31.51,1.88,18.7,72.23,0
TRATOR-II,36.38,39.28,25.11,18.1,147.45,1
TRATOR-II,31.57,50.11,16.64,10.75,73.25,0
COLHEITADEIRA-I,43.22,48.76,29.72,10.94,812.32,0
TRATOR-I,10.52,29.59,13.42,12.81,752.41,0
COLHEITADEIRA-II,112.43,96.94,5.89,10.49,753.31,0
TRATOR-II,66.46,77.96,29.28,21.15,716.33,1
PULVERIZADOR-I,36.66,33.92,19.21,20.85,669.39,0
TRATOR-II,47.64,63.32,6.62,12.04,476.99,0
PULVERIZADOR-I,53.66,50.97,25.21,22.54,642.28,0
COLHEITADEIRA-I,72.07,66.56,17.89,12.32,38.36,1
PULVERIZADOR-I,61.88,47.79,21.15,14.52,621.46,0
COLHEITADEIRA-II,110.33,85.23,16.13,13.73,777.88,0
TRATOR-I,59.64,60.86,29.0,15.58,500.36,1
PULVERIZADOR-I,119.06,83.12,29.03,13.82,357.51,1
PULVERIZADOR-I,102.17,86.04,24.83,17.33,277.43,1
TRATOR-I,25.02,52.83,3.69,16.11,642.8,0
COLHEITADEIRA-II,111.67,80.16,29.36,24.8,692.8,0
TRATOR-II,13.96,41.31,23.49,10.84,870.97,0
PULVERIZADOR-I,98.09,81.15,24.4,12.13,342.33,1
TRATOR-I,45.67,57.06,12.7,10.79,769.77,0
COLHEITADEIRA-I,105.36,81.02,30.77,19.39,561.36,1
TRATOR-I,104.17,77.28,25.39,10.82,882.84,1
COLHEITADEIRA-I,96.71,72.84,3.94,22.55,527.81,0
COLHEITADEIRA-II,94.8,69.0,14.27,17.68,517.63,0
TRATOR-II,36.56,37.51,31.02,17.91,577.88,0
TRATOR-I,9.71,35.75,1.65,18.42,749.32,0
PULVERIZADOR-I,48.36,65.47,33.65,12.56,964.69,1
COLHEITADEIRA-II,20.82,46.92,23.77,12.97,73.56,1
TRATOR-I,83.39,80.59,22.1,14.78,53.43,1
PULVERIZADOR-I,41.53,38.23,9.47,18.9,937.55,0
TRATOR-I,117.07,88.92,8.71,13.15,529.88,0
COLHEITADEIRA-I,76.92,65.44,32.97,11.74,614.9,1
TRATOR-I,98.7,76.72,10.44,24.55,482.42,0
TRATOR-I,15.9,34.99,27.14,10.33,93.66,0
TRATOR-I,103.44,88.13,13.76,22.04,768.09,0
COLHEITADEIRA-II,110.73,87.15,4.87,21.82,747.22,0
TRATOR-I,58.45,55.68,0.38,14.46,311.7,0
PULVERIZADOR-I,72.75,78.51,19.05,12.03,306.24,0
COLHEITADEIRA-I,91.78,88.75,34.15,12.18,837.84,1
COLHEITADEIRA-I,20.98,31.82,12.92,20.46,72.36,0
TRATOR-I,60.31,73.6,12.5,19.64,881.11,0
COLHEITADEIRA-II,47.84,67.29,12.04,21.74,256.66,0
COLHEITADEIRA-II,17.56,30.34,18.22,24.06,592.98,0
PULVERIZADOR-I,44.1,47.1,15.42,20.38,935.99,0
TRATOR-I,8.18,30.08,30.8,12.34,678.12,0
COLHEITADEIRA-I,3.1,40.09,17.69,13.65,414.43,0
COLHEITADEIRA-II,16.22,46.02,17.77,22.63,689.53,0
TRATOR-I,115.57,82.42,4.84,13.14,343.98,0
COLHEITADEIRA-II,65.94,61.35,34.4,11.09,277.26,1
COLHEITADEIRA-II,115.9,96.14,8.75,20.55,996.68,0
COLHEITADEIRA-I,51.9,56.23,2.57,16.04,750.79,0
TRATOR-II,37.42,38.27,23.21,23.8,644.72,0
PULVERIZADOR-I,60.74,72.21,20.84,19.75,355.29,1
PULVERIZADOR-I,52.74,61.95,14.53,11.36,49.16,1
COLHEITADEIRA-I,12.68,42.75,14.78,24.22,31.06,0
COLHEITADEIRA-II,76.9,81.9,27.48,13.88,554.18,0
TRATOR-I,25.92,48.01,6.85,15.06,762.03,0
COLHEITADEIRA-II,74.35,67.79,28.71,16.03,537.38,0
COLHEITADEIRA-I,78.02,75.13,22.71,10.77,840.79,0
PULVERIZADOR-I,18.24,25.76,14.66,17.45,33.43,0
COLHEITADEIRA-II,7.36,34.63,16.03,11.85,366.75,0
PULVERIZADOR-I,93.69,71.59,8.98,16.01,237.07,0
TRATOR-I,55.18,63.92,26.32,15.26,447.27,1
PULVERIZADOR-I,6.98,21.08,17.95,21.59,72.38,0
PULVERIZADOR-I,119.38,85.16,11.23,22.05,954.13,0
TRATOR-II,6.93,19.12,20.86,12.3,223.26,0
TRATOR-II,83.4,60.1,34.85,15.5,922.31,1
TRATOR-II,118.04,100.0,15.23,15.6,425.89,1
PULVERIZADOR-I,28.7,49.19,32.22,12.27,985.52,0
COLHEITADEIRA-I,17.07,35.69,12.08,21.98,554.06,0
PULVERIZADOR-I,14.57,23.58,1.92,20.61,930.83,0
COLHEITADEIRA-I,36.39,34.34,7.15,12.86,5.35,0
COLHEITADEIRA-I,12.13,17.85,14.65,15.5,748.24,0
TRATOR-II,83.06,64.81,7.69,11.59,903.05,0
COLHEITADEIRA-II,7.48,41.21,0.01,19.42,139.72,0
TRATOR-I,61.13,53.92,32.03,11.82,96.13,1
TRATOR-II,119.6,92.39,29.54,24.79,424.57,1
TRATOR-II,97.68,71.77,25.98,21.71,933.68,1
COLHEITADEIRA-II,73.83,60.97,5.87,15.85,542.39,0
TRATOR-I,36.75,47.63,4.21,18.68,527.46,0
PULVERIZADOR-I,74.87,73.15,2.37,23.67,141.13,0
PULVERIZADOR-I,63.24,55.31,25.34,18.31,0.79,1
TRATOR-II,51.13,42.41,32.51,12.62,810.14,0
TRATOR-I,15.69,31.14,15.07,15.68,87.57,0
TRATOR-II,106.39,80.86,4.17,22.65,633.85,0
COLHEITADEIRA-I,53.97,48.97,17.93,19.66,914.62,0
TRATOR-II,23.35,52.81,12.21,19.76,208.65,0
TRATOR-II,44.13,54.97,13.12,23.0,665.27,0
PULVERIZADOR-I,49.7,56.52,21.75,23.41,78.7,1
PULVERIZADOR-I,99.3,82.06,25.16,23.8,603.76,0
PULVERIZADOR-I,88.03,75.69,3.87,11.42,163.93,0
COLHEITADEIRA-I,92.32,81.62,1.25,18.16,735.95,0
PULVERIZADOR-I,1.32,31.69,34.8,21.11,301.23,0
TRATOR-I,49.94,61.03,8.15,21.35,463.39,0
COLHEITADEIRA-II,57.76,49.81,1.88,19.1,599.43,0
TRATOR-I,2.3,26.39,6.65,12.5,171.27,0
TRATOR-I,31.18,41.07,1.36,21.96,741.64,0
PULVERIZADOR-I,91.23,90.86,13.71,20.8,302.64,0
COLHEITADEIRA-II,16.45,38.81,28.08,11.29,662.37,0
COLHEITADEIRA-II,64.24,64.52,11.94,16.96,158.28,0
COLHEITADEIRA-II,25.82,28.96,15.55,12.61,688.12,0
COLHEITADEIRA-I,1.45,29.04,23.65,15.06,128.19,0
PULVERIZADOR-I,28.94,30.88,17.81,10.27,425.36,0
COLHEITADEIRA-II,117.1,90.38,30.15,16.0,247.21,1
COLHEITADEIRA-I,96.18,72.0,30.31,18.25,748.38,1
TRATOR-II,115.15,99.85,0.35,19.29,262.04,0
TRATOR-II,58.54,51.31,27.23,19.95,881.72,1
COLHEITADEIRA-I,13.17,29.66,16.13,22.54,891.82,0
COLHEITADEIRA-I,65.76,76.32,34.61,13.23,196.44,1
PULVERIZADOR-I,54.53,48.84,16.91,11.81,613.85,0
PULVERIZADOR-I,101.32,86.03,34.54,22.77,87.72,1
TRATOR-II,11.77,29.64,26.41,12.35,391.54,1
COLHEITADEIRA-II,58.59,45.7,8.7,24.62,713.32,0
TRATOR-II,18.01,44.59,18.84,22.64,659.42,0
COLHEITADEIRA-II,38.96,35.45,34.72,17.51,624.7,0
COLHEITADEIRA-II,88.48,77.32,30.01,24.72,282.54,1
PULVERIZADOR-I,57.12,61.09,3.41,11.46,378.02,0
TRATOR-I,45.11,55.92,24.72,14.55,102.95,1
TRATOR-I,47.34,59.06,12.1,19.57,719.02,0
COLHEITADEIRA-I,55.13,50.68,0.24,15.25,503.89,0
PULVERIZADOR-I,94.2,66.82,14.12,23.93,708.77,0
COLHEITADEIRA-II,107.05,95.93,8.22,10.98,248.94,0
TRATOR-I,114.64,94.85,28.66,18.24,324.44,1
COLHEITADEIRA-II,94.43,91.74,11.81,18.86,334.22,0
TRATOR-I,37.85,57.35,28.96,19.79,25.74,1
TRATOR-I,82.58,84.85,0.02,13.83,341.05,0
TRATOR-I,52.51,56.06,10.77,15.47,803.3,0
PULVERIZADOR-I,30.56,38.35,8.44,22.66,897.3,0
TRATOR-II,100.9,94.29,8.17,12.92,518.22,0
COLHEITADEIRA-II,4.61,26.31,2.39,22.4,455.5,0
PULVERIZADOR-I,108.21,80.43,6.55,18.44,30.82,0
PULVERIZADOR-I,55.38,68.88,19.44,21.43,879.2,0
PULVERIZADOR-I,76.46,82.36,10.2,20.7,13.01,1
PULVERIZADOR-I,79.12,71.46,14.61,13.11,944.75,0
PULVERIZADOR-I,107.41,76.72,13.19,18.53,489.22,0
COLHEITADEIRA-I,76.4,67.47,30.66,23.02,341.93,1
COLHEITADEIRA-II,73.67,78.31,31.69,16.48,924.22,1
PULVERIZADOR-I,8.0,41.85,17.25,24.5,24.39,1
COLHEITADEIRA-II,62.21,53.43,11.56,16.78,581.42,0
COLHEITADEIRA-I,18.02,22.82,3.74,12.14,548.93,0
COLHEITADEIRA-I,88.49,89.42,33.37,15.84,219.32,1
COLHEITADEIRA-II,61.47,58.56,2.11,24.28,428.89,0
TRATOR-I,81.63,75.23,10.42,14.8,652.26,0
TRATOR-II,5.0,42.04,10.43,23.02,727.13,0
TRATOR-I,10.18,18.1,11.21,23.22,0.72,0
TRATOR-I,85.96,81.02,5.75,15.25,936.85,0
TRATOR-I,8.65,17.41,27.41,11.25,164.53,0
PULVERIZADOR-I,8.55,26.39,4.29,20.87,233.58,0
COLHEITADEIRA-I,1.45,34.99,22.22,14.67,263.47,0
TRATOR-I,114.78,91.87,4.33,21.74,37.82,0
COLHEITADEIRA-I,88.5,93.02,2.47,16.64,123.05,0
COLHEITADEIRA-II,42.39,52.21,31.83,17.28,986.35,0
TRATOR-II,35.58,40.99,6.65,21.67,315.22,0
COLHEITADEIRA-II,41.96,41.78,28.74,15.74,115.3,1
COLHEITADEIRA-II,92.96,76.29,19.06,16.65,106.99,1
PULVERIZADOR-I,79.36,68.79,2.72,15.64,719.46,0
TRATOR-II,22.22,25.4,33.44,15.51,854.57,0
COLHEITADEIRA-II,20.89,33.62,8.64,17.89,256.95,0
COLHEITADEIRA-II,11.81,31.01,30.09,22.13,20.91,1
TRATOR-II,79.24,79.22,5.91,15.43,223.09,0
TRATOR-II,91.72,84.74,29.89,17.86,56.52,1
COLHEITADEIRA-II,31.81,50.35,0.46,20.06,103.39,0
TRATOR-II,2.51,11.76,17.91,14.04,431.51,0
COLHEITADEIRA-II,9.86,22.45,26.93,14.16,229.92,0
COLHEITADEIRA-II,116.14,99.54,32.72,24.0,515.95,1
PULVERIZADOR-I,35.45,45.79,31.82,20.85,253.49,1
TRATOR-I,92.31,65.54,28.69,18.66,940.54,1
COLHEITADEIRA-II,74.96,79.11,31.09,19.72,905.94,1
COLHEITADEIRA-I,45.83,60.68,6.97,10.44,566.81,0
TRATOR-I,24.68,41.26,9.95,19.27,354.42,0
TRATOR-I,14.57,20.73,10.11,17.64,381.15,0
TRATOR-I,73.8,77.28,13.2,18.19,411.85,0
PULVERIZADOR-I,92.96,83.29,13.77,15.39,727.58,1
COLHEITADEIRA-II,77.27,79.82,19.06,11.22,451.64,0
PULVERIZADOR-I,63.64,70.73,5.6,12.9,856.73,0
COLHEITADEIRA-II,5.03,37.11,24.19,24.26,944.09,1
PULVERIZADOR-I,116.22,95.27,5.86,16.13,335.95,0
PULVERIZADOR-I,95.85,71.72,10.86,17.0,560.69,0
COLHEITADEIRA-I,35.14,51.22,17.62,10.79,95.06,0
PULVERIZADOR-I,117.6,99.17,27.88,10.56,200.47,1
TRATOR-II,72.23,75.6,25.88,20.76,413.47,1
COLHEITADEIRA-I,69.89,57.03,22.59,18.07,206.2,0
PULVERIZADOR-I,89.77,69.71,5.45,17.63,876.56,0
TRATOR-I,97.41,95.16,19.15,13.65,158.29,1
TRATOR-II,78.78,79.77,3.06,21.17,455.66,0
TRATOR-II,15.37,46.47,13.21,12.52,605.7,0
TRATOR-II,40.59,57.12,14.47,12.85,691.86,0
COLHEITADEIRA-I,111.37,94.74,1.39,16.91,383.07,0
PULVERIZADOR-I,26.95,45.8,9.59,14.29,869.1,0
PULVERIZADOR-I,44.66,63.47,33.45,13.71,568.32,1
TRATOR-I,51.85,58.47,33.38,19.68,439.51,1
TRATOR-I,52.73,60.61,12.33,19.76,67.24,0
TRATOR-II,73.55,58.83,1.51,22.37,464.69,0
TRATOR-I,113.17,92.12,6.27,16.27,820.74,0
COLHEITADEIRA-I,28.88,48.82,13.73,11.1,614.54,0
PULVERIZADOR-I,14.58,26.88,33.17,14.1,832.16,0
TRATOR-II,23.7,30.29,4.94,24.7,494.01,0
TRATOR-I,106.43,83.27,26.72,18.94,118.46,1
COLHEITADEIRA-I,77.5,63.74,3.8,20.65,13.64,0
COLHEITADEIRA-I,34.31,37.03,34.34,10.11,303.22,1
TRATOR-I,97.91,81.49,13.36,17.77,697.99,0
PULVERIZADOR-I,103.36,99.25,27.13,10.56,790.26,1
TRATOR-I,101.58,86.16,11.99,18.54,295.75,0
TRATOR-II,110.27,81.8,21.97,23.81,495.65,1
TRATOR-I,30.27,30.47,6.72,24.53,421.12,0
COLHEITADEIRA-I,90.61,85.25,5.11,18.11,410.52,0
TRATOR-I,55.26,54.64,32.83,16.87,231.35,1
PULVERIZADOR-I,101.04,95.28,32.12,24.18,136.37,1
COLHEITADEIRA-II,87.42,82.24,31.06,20.1,196.69,1
TRATOR-I,93.17,89.79,21.89,10.97,55.33,1
PULVERIZADOR-I,78.74,65.4,28.29,16.99,198.13,1
PULVERIZADOR-I,21.29,43.55,2.42,13.6,9.2,0
COLHEITADEIRA-I,65.4,57.16,11.72,17.05,627.26,0
PULVERIZADOR-I,118.16,100.0,10.98,16.83,316.38,1
PULVERIZADOR-I,112.49,96.58,22.25,18.73,973.14,1
PULVERIZADOR-I,5.18,22.84,12.46,15.35,193.72,0
PULVERIZADOR-I,19.78,29.95,5.2,12.46,345.83,0
TRATOR-II,15.81,25.21,20.88,17.56,357.84,0
TRATOR-II,87.12,83.11,28.5,22.45,8.45,1
COLHEITADEIRA-I,98.13,75.44,13.37,19.96,839.21,0
TRATOR-I,25.62,43.23,4.63,15.08,31.99,0
PULVERIZADOR-I,60.7,54.36,6.88,24.03,940.18,0
TRATOR-I,100.88,90.39,8.31,23.68,892.07,0
TRATOR-I,87.94,87.21,10.5,13.14,535.52,0
COLHEITADEIRA-I,65.07,72.38,22.5,10.59,543.6,0
PULVERIZADOR-I,70.84,75.33,21.03,21.12,653.78,0
PULVERIZADOR-I,61.0,52.23,24.36,22.41,387.05,0
COLHEITADEIRA-II,35.71,34.08,12.69,24.52,647.22,0
TRATOR-I,67.8,71.65,28.84,23.35,44.77,1
TRATOR-I,82.67,70.65,7.14,19.01,54.05,0
TRATOR-II,104.8,85.85,16.42,17.95,457.23,0
COLHEITADEIRA-II,76.35,56.75,28.03,10.42,549.62,0
TRATOR-II,91.33,72.59,6.31,13.7,887.82,0
TRATOR-II,19.21,22.54,3.85,16.89,104.66,0
TRATOR-II,55.39,69.61,30.93,19.43,822.65,0
COLHEITADEIRA-I,1.12,17.97,12.0,18.36,210.05,0
COLHEITADEIRA-I,29.6,44.48,23.94,21.14,394.08,0
TRATOR-II,87.18,63.47,0.89,14.2,316.6,0
COLHEITADEIRA-II,119.02,100.0,24.15,18.47,400.16,1
TRATOR-I,11.9,26.83,11.06,11.32,150.5,0
COLHEITADEIRA-II,48.18,65.85,1.95,16.2,503.57,0
PULVERIZADOR-I,96.01,94.25,21.34,21.25,801.64,1
COLHEITADEIRA-I,24.48,34.45,8.43,20.4,441.53,0
TRATOR-I,66.61,76.99,13.54,24.86,490.61,0
TRATOR-I,87.97,92.67,2.82,14.17,848.77,0
PULVERIZADOR-I,73.92,79.11,5.15,17.47,706.06,0
PULVERIZADOR-I,22.56,48.88,10.43,14.94,490.45,0
TRATOR-II,42.65,43.06,3.14,16.61,257.7,0
COLHEITADEIRA-I,94.06,83.73,31.88,22.85,884.93,1
COLHEITADEIRA-I,66.51,51.92,0.21,20.26,577.02,0
COLHEITADEIRA-II,0.63,13.22,16.94,23.24,221.15,0
TRATOR-II,91.32,94.76,4.31,13.05,269.12,0
TRATOR-II,4.24,22.34,10.77,23.1,803.13,0
TRATOR-II,89.49,86.14,32.41,10.9,44.15,1
TRATOR-II,24.3,48.78,5.66,23.33,992.09,0
COLHEITADEIRA-I,114.97,100.0,33.8,14.94,130.35,1
COLHEITADEIRA-I,44.15,66.42,7.2,14.72,796.07,0
TRATOR-II,39.23,40.78,25.95,17.68,394.78,0
COLHEITADEIRA-II,17.87,21.93,19.13,24.11,492.22,0
TRATOR-I,36.67,44.34,30.96,10.72,880.65,1
TRATOR-I,105.2,77.02,19.39,15.28,412.91,1
COLHEITADEIRA-II,119.56,82.41,18.71,22.85,537.49,1
TRATOR-II,44.2,47.33,6.84,15.94,49.3,0
COLHEITADEIRA-I,53.83,65.81,5.82,12.99,2.35,0
TRATOR-I,86.65,78.97,32.08,16.37,244.8,1
PULVERIZADOR-I,106.34,83.19,11.47,15.78,680.58,0
PULVERIZADOR-I,71.17,72.33,13.02,23.73,121.26,0
COLHEITADEIRA-II,46.98,45.15,26.59,21.43,113.76,0
TRATOR-II,49.51,40.14,11.86,17.58,410.96,0
TRATOR-I,83.47,83.02,33.32,24.83,647.84,1
TRATOR-II,0.39,28.94,25.83,16.98,712.07,0
TRATOR-I,74.35,77.48,20.91,10.87,178.45,1
COLHEITADEIRA-II,42.66,36.76,30.83,13.93,79.59,0
COLHEITADEIRA-II,95.3,92.3,1.74,16.54,940.4,0
PULVERIZADOR-I,11.16,35.28,9.0,12.35,260.67,0
TRATOR-II,70.58,69.25,16.28,24.21,853.35,0
PULVERIZADOR-I,57.72,63.37,7.94,21.5,863.49,0
TRATOR-II,77.08,82.18,26.04,14.02,772.52,1
PULVERIZADOR-I,7.78,32.28,32.17,18.86,168.83,1
COLHEITADEIRA-I,69.6,69.19,14.83,20.82,821.8,0
COLHEITADEIRA-I,67.38,80.15,11.97,24.12,769.25,0
COLHEITADEIRA-I,67.28,73.07,33.65,23.22,596.72,1
COLHEITADEIRA-I,72.42,66.72,15.57,17.73,337.2,0
TRATOR-I,81.18,79.93,17.12,21.62,262.51,0
COLHEITADEIRA-I,96.6,79.64,12.31,18.43,121.89,1
COLHEITADEIRA-II,32.38,36.29,31.83,18.29,509.76,0
COLHEITADEIRA-II,99.01,87.31,19.91,11.72,585.26,0
TRATOR-I,59.79,73.72,26.68,11.89,359.34,0
COLHEITADEIRA-I,9.25,43.42,28.41,17.94,475.36,1
COLHEITADEIRA-I,7.03,24.47,11.96,14.03,363.51,0
COLHEITADEIRA-I,40.11,49.9,15.18,10.32,641.01,0
PULVERIZADOR-I,94.19,72.86,29.7,20.84,901.26,1
TRATOR-II,84.92,90.82,12.71,10.49,163.92,0
PULVERIZADOR-I,94.63,96.21,27.79,18.93,381.41,1
TRATOR-II,62.07,66.73,32.93,18.09,140.87,1
COLHEITADEIRA-I,52.82,65.83,21.81,24.53,624.94,1
COLHEITADEIRA-I,17.69,42.07,25.96,17.26,728.87,0
PULVERIZADOR-I,39.38,51.42,28.18,10.95,931.91,0
PULVERIZADOR-I,52.08,42.85,29.58,18.28,278.87,0
TRATOR-II,10.63,30.02,13.83,22.62,950.21,0
COLHEITADEIRA-II,26.47,46.13,1.79,24.95,63.26,0
TRATOR-II,71.79,73.4,14.07,16.46,603.01,0
PULVERIZADOR-I,88.28,74.16,23.58,14.8,57.13,1
PULVERIZADOR-I,119.8,100.0,15.76,23.6,893.77,0
TRATOR-I,111.97,82.2,26.21,12.87,529.81,0
PULVERIZADOR-I,77.11,71.28,12.49,19.23,669.35,0
TRATOR-I,50.55,61.06,22.22,16.09,831.57,0
COLHEITADEIRA-II,76.34,76.72,6.52,10.62,150.31,0
TRATOR-II,94.28,86.03,26.23,15.21,38.59,1
TRATOR-II,14.2,26.78,19.1,13.98,878.88,0
TRATOR-I,49.19,44.2,7.14,20.29,314.93,0
TRATOR-II,100.78,89.54,10.22,24.23,128.98,1
PULVERIZADOR-I,46.06,55.62,26.2,14.02,468.46,0
COLHEITADEIRA-I,68.62,56.56,16.89,22.17,598.31,0
TRATOR-I,70.53,73.47,7.56,10.83,30.97,1
TRATOR-II,22.14,36.94,33.85,18.07,274.9,0
TRATOR-I,43.47,56.11,25.03,11.06,32.8,1
TRATOR-I,40.14,59.21,33.5,24.01,420.34,1
COLHEITADEIRA-I,3.14,16.98,14.95,21.5,895.1,0
PULVERIZADOR-I,2.9,12.32,16.63,19.87,982.65,0
TRATOR-I,99.8,93.26,31.43,22.36,637.05,1
TRATOR-II,32.77,47.95,18.38,19.71,161.64,1
COLHEITADEIRA-II,62.17,68.29,24.75,24.53,905.85,1
TRATOR-I,35.85,56.65,8.83,20.71,516.25,0
TRATOR-I,112.88,100.0,15.64,23.87,153.75,1
COLHEITADEIRA-I,31.12,57.5,4.32,17.76,921.73,0
PULVERIZADOR-I,51.56,57.01,7.21,11.76,757.47,0
COLHEITADEIRA-II,104.73,87.49,0.03,17.92,731.71,0
TRATOR-II,101.03,82.68,1.37,11.9,709.18,0
COLHEITADEIRA-II,22.33,28.01,34.2,18.89,200.34,1
TRATOR-II,96.32,84.97,8.48,17.24,211.01,0
PULVERIZADOR-I,54.98,51.3,23.22,19.34,688.29,1
TRATOR-II,57.96,72.41,29.37,10.15,219.72,1
COLHEITADEIRA-I,16.02,37.11,19.27,12.92,438.67,0
COLHEITADEIRA-I,9.67,33.59,5.36,17.37,782.0,0
COLHEITADEIRA-I,87.35,73.06,25.48,24.26,783.95,1
COLHEITADEIRA-I,59.58,47.3,21.01,15.75,453.26,0
COLHEITADEIRA-II,52.42,42.41,25.59,16.37,792.19,0
PULVERIZADOR-I,87.54,75.22,26.94,20.72,838.62,1
TRATOR-II,91.86,67.65,34.14,19.06,654.78,1
TRATOR-II,19.07,39.65,20.07,14.48,228.43,0
COLHEITADEIRA-I,73.23,80.37,11.96,16.16,274.01,0
COLHEITADEIRA-I,16.24,46.23,22.7,13.27,314.84,0
TRATOR-I,90.17,83.87,2.4,24.49,116.8,0
PULVERIZADOR-I,78.83,63.64,31.41,11.96,273.16,1
COLHEITADEIRA-II,114.79,100.0,4.18,15.58,209.52,0
TRATOR-II,8.27,41.55,11.47,10.39,455.33,0
TRATOR-I,6.85,20.01,28.55,13.33,908.44,0
TRATOR-I,33.86,52.44,20.91,21.71,104.48,1
TRATOR-II,31.4,37.44,13.78,13.02,720.27,0
COLHEITADEIRA-II,29.64,51.86,16.57,11.2,687.28,0
TRATOR-I,108.75,100.0,29.91,17.12,95.75,1
TRATOR-I,29.95,28.87,11.9,10.15,922.57,0
PULVERIZADOR-I,32.63,56.5,30.44,11.27,568.47,1
COLHEITADEIRA-II,91.13,83.36,3.08,22.11,363.73,0
TRATOR-I,53.97,71.58,27.19,21.57,756.54,1
COLHEITADEIRA-II,93.21,79.87,29.66,23.73,257.37,1
TRATOR-II,7.84,40.13,6.36,22.82,693.51,0
COLHEITADEIRA-I,58.51,46.98,15.06,20.25,39.71,1
TRATOR-I,4.03,22.48,5.79,10.78,839.41,0
PULVERIZADOR-I,7.52,16.52,24.73,21.74,448.17,0
TRATOR-II,108.77,100.0,18.74,22.68,636.69,1
COLHEITADEIRA-II,16.71,44.53,22.24,21.99,221.24,0
TRATOR-II,63.89,73.91,6.88,17.63,677.07,0
TRATOR-I,49.33,67.74,7.41,13.49,772.24,0
COLHEITADEIRA-II,41.68,37.56,1.45,22.68,473.21,0
COLHEITADEIRA-I,107.98,86.36,11.27,20.91,617.73,0
TRATOR-II,2.62,13.7,19.59,24.71,456.33,0
TRATOR-I,79.65,64.12,30.03,12.34,894.09,0
PULVERIZADOR-I,115.61,86.25,23.34,13.38,497.87,1
COLHEITADEIRA-II,67.22,64.41,15.24,13.18,841.81,0
TRATOR-II,112.42,85.51,33.36,21.89,801.35,1
TRATOR-II,6.27,16.79,25.17,12.8,410.5,0
COLHEITADEIRA-I,50.26,45.18,32.56,11.0,230.08,1
COLHEITADEIRA-I,31.22,33.15,18.47,24.98,406.08,0
PULVERIZADOR-I,87.7,91.81,9.06,10.37,826.22,0
PULVERIZADOR-I,117.76,100.0,1.85,22.53,227.63,0
TRATOR-I,30.78,57.5,25.41,15.48,524.44,0
TRATOR-I,78.5,70.29,4.25,22.62,806.1,0
PULVERIZADOR-I,23.77,32.61,10.6,18.32,353.48,0
PULVERIZADOR-I,67.84,74.65,18.64,23.52,642.21,1
COLHEITADEIRA-II,55.67,53.19,19.75,23.89,245.63,1
COLHEITADEIRA-I,116.64,88.97,21.02,10.14,109.28,1
TRATOR-I,73.02,60.79,5.82,11.13,794.38,0
COLHEITADEIRA-I,41.94,39.05,13.29,13.76,98.97,0
COLHEITADEIRA-I,13.69,25.91,21.6,20.04,271.38,0
PULVERIZADOR-I,18.15,31.55,33.94,23.32,855.11,0
COLHEITADEIRA-II,27.04,46.44,25.47,16.9,346.47,0
TRATOR-II,30.12,29.95,32.29,19.1,973.05,0
COLHEITADEIRA-II,102.07,77.56,26.68,12.83,979.73,1
COLHEITADEIRA-II,67.35,74.68,20.71,22.07,268.28,1
COLHEITADEIRA-I,62.81,52.09,6.72,24.51,40.98,0
COLHEITADEIRA-II,13.77,28.54,23.33,14.03,705.06,0
TRATOR-I,103.22,97.87,21.82,17.42,450.99,1
COLHEITADEIRA-I,86.74,66.69,21.09,11.29,100.75,0
TRATOR-I,8.12,17.35,17.14,18.39,707.52,0
TRATOR-II,84.94,75.5,18.5,17.54,31.17,1
COLHEITADEIRA-I,65.22,58.21,11.71,12.17,870.2,0
TRATOR-II,9.81,32.79,18.18,16.63,138.65,0
COLHEITADEIRA-I,55.0,67.11,6.91,15.01,127.31,0
PULVERIZADOR-I,58.16,49.01,28.18,17.83,175.67,1
COLHEITADEIRA-II,19.89,39.36,6.5,18.78,960.27,0
PULVERIZADOR-I,113.48,93.26,2.97,10.13,693.17,0
TRATOR-II,102.0,75.52,15.27,21.42,801.37,1
COLHEITADEIRA-II,80.28,76.89,23.04,20.7,397.63,1
COLHEITADEIRA-I,55.48,51.49,15.32,15.49,336.31,0
COLHEITADEIRA-II,49.41,54.28,9.69,10.79,234.48,0
TRATOR-I,78.12,59.34,19.54,21.32,480.65,0
COLHEITADEIRA-II,65.45,63.06,12.15,24.33,551.83,0
TRATOR-I,7.47,23.68,32.65,13.6,631.77,0
COLHEITADEIRA-II,61.5,71.57,32.29,14.85,257.12,1
TRATOR-I,96.77,69.77,17.58,12.76,948.65,0
TRATOR-II,55.11,55.62,11.48,18.65,169.76,0
PULVERIZADOR-I,6.23,27.49,25.8,12.32,965.65,0
COLHEITADEIRA-I,94.35,88.36,1.28,15.34,14.86,1
COLHEITADEIRA-II,24.16,41.73,16.62,20.46,481.13,0
PULVERIZADOR-I,31.03,48.64,11.77,18.4,333.37,0
COLHEITADEIRA-I,19.76,45.17,32.22,15.8,449.12,1
COLHEITADEIRA-I,39.63,59.64,0.42,16.3,570.66,0
TRATOR-I,90.81,73.9,19.35,18.43,435.59,0
TRATOR-II,62.33,63.54,25.92,10.09,414.85,0
TRATOR-II,24.59,49.95,16.98,11.18,732.72,0
PULVERIZADOR-I,105.34,100.0,2.99,23.22,685.88,0
TRATOR-II,105.55,100.0,34.04,11.17,833.27,1
COLHEITADEIRA-II,104.47,83.83,18.13,20.6,249.96,0
TRATOR-II,28.66,33.05,21.5,23.8,609.53,0
PULVERIZADOR-I,54.15,57.17,8.28,14.06,585.19,0
TRATOR-II,118.2,100.0,16.92,15.56,369.74,1
COLHEITADEIRA-II,92.64,80.36,15.02,18.53,486.06,0
TRATOR-I,3.26,26.45,2.62,23.23,313.78,0
PULVERIZADOR-I,7.82,39.84,3.72,24.13,141.84,0
TRATOR-I,55.67,54.25,29.31,21.09,213.8,1
TRATOR-I,109.11,100.0,8.39,11.3,105.51,0
TRATOR-I,64.64,60.99,6.82,20.04,683.07,0
COLHEITADEIRA-I,59.74,55.69,17.67,16.15,660.73,0
COLHEITADEIRA-I,12.66,31.21,26.91,17.06,950.61,0
TRATOR-I,78.81,80.16,2.17,10.74,729.68,0
PULVERIZADOR-I,98.65,72.97,20.19,12.87,52.05,1
COLHEITADEIRA-II,45.65,43.28,4.17,21.86,884.25,0
COLHEITADEIRA-II,93.07,94.39,1.28,16.81,862.68,0
TRATOR-II,115.74,84.71,1.85,14.52,443.32,0
PULVERIZADOR-I,24.45,41.7,29.2,15.76,585.86,0
COLHEITADEIRA-I,62.8,65.06,4.13,22.82,976.08,0
TRATOR-I,34.46,45.36,1.58,21.23,532.3,0
TRATOR-II,95.14,86.43,15.33,14.08,905.32,0
COLHEITADEIRA-II,69.31,58.48,29.54,11.76,83.04,1
COLHEITADEIRA-I,76.15,72.27,9.18,13.78,191.05,1
COLHEITADEIRA-I,95.75,78.62,14.76,23.81,440.75,0
TRATOR-I,47.52,58.36,1.4,18.72,584.76,0
COLHEITADEIRA-II,109.81,80.12,15.72,18.0,816.23,0
PULVERIZADOR-I,63.96,65.5,20.22,18.95,988.26,0
COLHEITADEIRA-I,18.95,26.93,19.98,15.49,388.85,0
TRATOR-I,83.51,68.46,11.63,22.11,47.42,1
PULVERIZADOR-I,95.19,73.68,11.04,17.85,801.17,0
COLHEITADEIRA-II,38.01,38.29,3.73,11.75,604.38,0
COLHEITADEIRA-I,102.86,96.49,12.84,11.94,198.54,0
PULVERIZADOR-I,108.74,83.81,3.48,18.05,494.83,0
PULVERIZADOR-I,33.23,57.75,26.83,24.05,742.31,1
PULVERIZADOR-I,118.02,100.0,33.82,14.63,770.41,1
COLHEITADEIRA-I,16.89,37.27,33.95,23.04,499.62,0
COLHEITADEIRA-I,24.24,28.84,30.28,21.46,305.21,1
TRATOR-II,22.11,34.5,21.03,13.72,973.74,0
COLHEITADEIRA-II,107.28,98.3,24.53,10.55,663.36,1
TRATOR-I,78.52,68.13,9.98,11.53,408.24,0
PULVERIZADOR-I,18.25,23.56,22.08,20.93,280.46,0
TRATOR-II,52.84,58.41,15.95,13.0,731.1,0
TRATOR-I,73.84,79.66,16.87,15.57,242.18,1
TRATOR-II,10.02,39.89,26.52,17.53,171.71,1
COLHEITADEIRA-I,105.89,78.79,9.87,20.88,529.83,0
PULVERIZADOR-I,96.43,88.04,11.13,11.7,289.99,0
TRATOR-I,60.62,52.99,32.36,16.1,628.91,1
TRATOR-I,116.06,86.18,1.97,17.28,117.94,0
TRATOR-I,50.13,66.3,17.0,18.11,654.94,0
TRATOR-I,118.09,88.35,31.95,22.28,283.3,1
TRATOR-I,80.15,65.99,21.36,12.58,0.24,1
TRATOR-II,76.16,55.72,19.12,22.12,126.94,1
PULVERIZADOR-I,19.91,48.07,8.74,20.39,933.62,0
COLHEITADEIRA-I,105.83,97.28,12.01,18.34,867.35,0
COLHEITADEIRA-I,51.3,59.6,29.82,20.49,233.61,1
COLHEITADEIRA-I,19.47,44.19,19.57,16.18,778.37,0
COLHEITADEIRA-I,1.51,15.47,18.02,12.08,608.57,0
TRATOR-II,67.17,64.05,3.49,19.99,970.9,0
COLHEITADEIRA-II,63.29,58.51,0.56,17.87,373.61,0
PULVERIZADOR-I,86.32,64.61,33.73,19.59,681.46,1
TRATOR-I,106.83,88.68,13.19,15.07,63.54,0
COLHEITADEIRA-II,9.53,43.34,21.11,23.6,396.25,0
COLHEITADEIRA-I,87.78,63.87,2.79,18.81,963.82,0
COLHEITADEIRA-II,22.49,32.24,23.91,11.28,538.98,0
PULVERIZADOR-I,102.98,78.01,32.64,16.75,287.88,1
TRATOR-I,98.29,76.12,20.15,21.35,120.27,1
TRATOR-I,64.9,76.19,4.41,21.91,703.53,0
PULVERIZADOR-I,85.23,75.18,20.36,17.42,644.86,0
PULVERIZADOR-I,37.72,46.62,26.82,23.42,373.94,1
COLHEITADEIRA-I,56.54,66.74,14.22,14.02,950.94,0
TRATOR-I,98.6,73.79,30.79,16.16,22.2,1
COLHEITADEIRA-II,55.11,57.69,22.7,23.48,303.72,1
TRATOR-II,42.94,48.66,31.47,23.44,921.07,0
TRATOR-II,59.31,63.49,21.82,20.29,320.94,0
PULVERIZADOR-I,99.39,99.62,4.6,22.88,252.25,0
COLHEITADEIRA-I,40.22,57.22,10.84,11.33,534.22,0
TRATOR-II,20.85,34.45,7.06,22.97,823.8,0
TRATOR-I,85.44,86.09,31.81,14.81,103.15,1
PULVERIZADOR-I,99.12,74.59,26.61,12.67,943.02,0
COLHEITADEIRA-II,12.08,18.16,23.67,13.59,795.07,0
PULVERIZADOR-I,28.78,33.4,10.53,16.27,181.25,0
COLHEITADEIRA-II,17.04,30.43,6.44,13.77,712.01,0
PULVERIZADOR-I,41.75,50.37,26.48,14.81,384.96,0
PULVERIZADOR-I,54.04,60.88,16.6,12.02,402.29,0
PULVERIZADOR-I,89.86,91.23,7.9,14.44,783.29,0
COLHEITADEIRA-II,78.14,72.18,21.58,18.58,962.78,0
COLHEITADEIRA-II,74.51,69.75,1.41,16.63,126.66,0
PULVERIZADOR-I,42.28,36.88,11.42,15.2,420.63,0
TRATOR-II,100.97,71.63,16.4,21.2,480.94,0
COLHEITADEIRA-I,56.55,60.47,5.18,23.4,376.31,0
COLHEITADEIRA-I,117.49,93.64,34.46,21.35,363.19,1
COLHEITADEIRA-I,76.1,80.83,7.32,14.98,52.27,0
COLHEITADEIRA-II,15.15,23.91,4.56,21.17,685.54,0
COLHEITADEIRA-II,81.14,59.43,7.12,12.28,436.21,0
TRATOR-II,39.01,46.88,26.92,11.95,194.79,1
COLHEITADEIRA-I,82.36,66.54,14.89,15.18,816.03,0
COLHEITADEIRA-I,8.36,16.5,19.79,22.12,802.56,0
PULVERIZADOR-I,20.99,44.33,0.74,13.7,486.39,0
COLHEITADEIRA-II,102.69,74.96,1.21,10.95,298.45,0
COLHEITADEIRA-I,27.26,44.61,15.6,11.98,638.09,0
TRATOR-II,100.44,78.7,28.58,22.88,288.15,1
TRATOR-II,33.51,35.31,30.98,19.51,236.01,1
COLHEITADEIRA-I,77.15,67.68,3.03,13.8,730.51,0
COLHEITADEIRA-II,83.3,84.02,18.84,18.33,40.33,1
TRATOR-II,61.52,58.67,31.96,17.91,94.77,1
PULVERIZADOR-I,36.64,54.51,13.58,19.83,6.79,1
TRATOR-II,25.52,29.07,29.03,13.5,152.94,0
TRATOR-I,3.98,35.57,4.68,22.97,68.99,0
TRATOR-I,36.47,38.99,32.74,14.64,995.8,0
COLHEITADEIRA-II,78.38,77.35,26.3,20.41,288.81,1
COLHEITADEIRA-I,112.6,94.53,32.95,10.24,149.27,1
COLHEITADEIRA-II,104.54,100.0,23.68,15.59,241.0,1
COLHEITADEIRA-II,91.93,76.78,12.72,15.28,936.13,0
COLHEITADEIRA-II,94.61,68.75,32.84,18.15,520.16,1
COLHEITADEIRA-II,79.8,58.45,9.64,11.09,364.82,0
PULVERIZADOR-I,31.23,53.55,11.63,21.85,873.39,0
PULVERIZADOR-I,108.86,91.06,24.53,13.27,394.99,1
TRATOR-II,80.49,81.55,26.79,20.16,335.01,1
TRATOR-I,67.25,57.38,32.53,22.05,207.28,1
COLHEITADEIRA-II,13.32,28.34,7.17,18.43,377.8,0
TRATOR-II,53.65,43.09,27.93,21.11,316.68,1
TRATOR-I,55.24,71.99,25.85,19.93,677.3,0
COLHEITADEIRA-I,103.75,92.28,2.23,15.33,289.58,0
PULVERIZADOR-I,65.6,77.35,13.55,22.13,577.2,1
TRATOR-I,45.65,45.35,9.9,14.42,65.89,0
COLHEITADEIRA-I,117.22,98.67,10.66,18.57,191.29,1
TRATOR-I,13.29,38.33,34.4,21.18,407.41,1
PULVERIZADOR-I,50.71,49.95,22.5,15.68,936.95,0
PULVERIZADOR-I,5.04,38.47,25.12,14.54,377.25,0
TRATOR-II,88.79,91.69,34.18,16.89,664.07,1
COLHEITADEIRA-II,110.17,100.0,13.2,22.27,255.09,0
TRATOR-I,33.6,52.33,28.06,23.95,127.03,0
TRATOR-I,103.0,80.12,15.21,18.18,58.54,1
COLHEITADEIRA-I,35.07,39.49,30.43,19.92,305.41,1
PULVERIZADOR-I,109.29,100.0,6.32,23.55,157.66,1
TRATOR-I,90.48,64.59,33.17,11.48,174.01,1
PULVERIZADOR-I,96.59,89.43,7.66,13.48,760.76,0
TRATOR-I,2.16,32.48,11.42,20.63,15.84,0
TRATOR-II,115.54,98.0,26.47,22.36,557.81,1
COLHEITADEIRA-II,87.2,92.02,13.78,22.86,379.46,1
TRATOR-I,36.57,41.3,21.29,16.23,506.55,0
PULVERIZADOR-I,99.53,79.92,15.56,11.34,562.83,0
TRATOR-II,33.78,32.64,25.98,16.57,313.37,0
TRATOR-I,104.73,86.12,7.99,13.46,295.11,0
COLHEITADEIRA-I,13.51,25.94,2.05,14.37,733.4,0
COLHEITADEIRA-II,84.44,70.97,10.5,21.58,871.28,1
TRATOR-I,64.88,73.97,16.6,11.13,192.58,0
TRATOR-II,11.58,45.02,5.88,22.41,97.62,1
COLHEITADEIRA-I,29.03,32.99,12.42,16.42,897.8,0
TRATOR-II,1.49,22.07,14.0,18.94,349.9,0
TRATOR-II,56.25,71.61,2.01,11.34,551.32,0
COLHEITADEIRA-I,36.15,33.55,20.42,15.06,359.54,0
TRATOR-II,71.8,55.85,30.95,11.35,125.8,1
COLHEITADEIRA-I,35.67,36.28,5.31,24.42,589.33,0
TRATOR-I,35.99,49.45,20.92,22.11,525.14,0
COLHEITADEIRA-I,89.18,68.02,23.27,16.89,202.99,1
COLHEITADEIRA-I,5.78,42.51,14.68,13.35,451.87,0
COLHEITADEIRA-II,108.35,88.41,24.54,24.0,796.95,1
COLHEITADEIRA-I,102.27,86.41,14.38,15.17,590.43,0
COLHEITADEIRA-I,80.14,65.48,17.66,12.41,96.92,1
TRATOR-I,71.19,66.84,0.26,18.45,548.02,0
COLHEITADEIRA-II,107.08,94.1,24.21,24.16,702.74,1
PULVERIZADOR-I,22.24,45.88,23.15,10.06,792.7,0
TRATOR-I,9.48,38.3,1.34,13.57,629.12,0
TRATOR-I,28.74,44.58,12.89,24.08,152.66,0
PULVERIZADOR-I,95.35,94.34,34.27,12.57,710.17,1
COLHEITADEIRA-I,4.16,37.02,14.73,11.7,677.34,0
TRATOR-II,69.94,74.67,17.57,18.55,24.43,1
COLHEITADEIRA-II,119.45,83.34,31.85,22.93,411.75,1
TRATOR-II,102.68,71.82,25.1,17.16,332.95,1
PULVERIZADOR-I,62.57,53.92,20.37,24.92,669.41,0
TRATOR-I,7.64,34.49,27.92,20.19,216.14,0
TRATOR-I,99.76,82.19,30.25,11.11,590.87,1
COLHEITADEIRA-II,71.88,65.2,15.99,24.89,913.21,0
TRATOR-I,13.79,44.81,16.63,16.12,797.8,0
TRATOR-I,11.26,43.62,13.51,14.31,921.46,0
COLHEITADEIRA-II,109.16,100.0,33.83,18.37,978.51,1
COLHEITADEIRA-II,80.3,67.6,24.4,14.56,10.67,1
PULVERIZADOR-I,99.51,90.44,2.91,11.3,622.74,0
TRATOR-I,105.48,81.44,30.2,10.02,412.84,1
TRATOR-I,68.61,56.89,16.82,16.74,859.85,0
PULVERIZADOR-I,62.09,52.8,2.41,22.55,251.81,0
COLHEITADEIRA-I,51.65,51.25,19.24,18.58,981.03,0
COLHEITADEIRA-I,38.03,45.72,14.6,24.99,613.71,0
COLHEITADEIRA-I,52.15,66.22,30.72,14.3,793.54,1
PULVERIZADOR-I,92.87,69.32,7.14,14.21,85.6,0
TRATOR-I,72.23,75.39,28.93,12.4,183.46,1
PULVERIZADOR-I,107.1,90.21,19.52,12.46,758.4,0
PULVERIZADOR-I,53.21,50.56,1.91,14.28,21.99,0
COLHEITADEIRA-I,72.85,68.5,34.01,21.89,816.88,1
TRATOR-II,75.76,64.45,17.94,23.59,13.95,1
TRATOR-I,71.0,70.48,10.18,24.63,657.12,0
COLHEITADEIRA-I,84.32,73.6,16.43,13.48,365.09,0
TRATOR-II,28.49,32.03,30.03,23.22,611.49,1
TRATOR-II,61.48,50.39,10.67,14.92,696.03,0
COLHEITADEIRA-II,12.51,33.91,6.74,11.69,342.48,0
TRATOR-I,46.14,64.76,4.52,23.05,107.96,0
TRATOR-II,58.52,55.43,10.43,19.54,69.65,0
COLHEITADEIRA-I,78.27,78.95,27.3,12.47,588.94,1
COLHEITADEIRA-II,114.06,98.2,16.51,16.45,520.66,0
TRATOR-I,72.08,81.19,7.96,14.31,742.2,0
PULVERIZADOR-I,89.23,88.17,5.82,21.05,509.74,0
COLHEITADEIRA-I,60.75,63.45,11.65,16.8,422.45,0
TRATOR-II,76.09,75.37,32.9,24.84,398.09,1
TRATOR-II,8.51,42.06,12.01,10.82,26.45,1
COLHEITADEIRA-I,30.53,40.3,34.58,15.33,335.56,1
TRATOR-II,43.42,45.86,16.98,17.23,976.02,0
COLHEITADEIRA-II,56.7,44.34,6.27,17.55,873.56,0
TRATOR-I,5.48,38.08,31.19,14.74,329.38,1
COLHEITADEIRA-II,16.8,44.11,16.11,20.94,587.8,0
TRATOR-II,33.22,33.06,24.84,23.12,847.3,1
PULVERIZADOR-I,116.58,97.26,34.43,24.08,441.27,1
TRATOR-I,39.76,47.78,1.76,22.08,17.96,0
TRATOR-I,57.84,48.27,3.38,22.76,74.51,0
COLHEITADEIRA-I,23.53,53.54,25.22,18.26,510.39,0
COLHEITADEIRA-I,73.29,60.42,9.86,22.39,969.44,0
PULVERIZADOR-I,33.68,32.23,6.45,14.55,693.21,0
TRATOR-I,24.84,42.75,1.38,15.98,70.92,0
PULVERIZADOR-I,61.99,69.36,0.76,14.75,189.36,0
COLHEITADEIRA-I,0.66,11.37,27.11,17.01,771.32,0
COLHEITADEIRA-I,0.92,30.31,4.71,14.28,841.44,0
TRATOR-I,26.29,41.74,16.37,24.42,617.69,0
COLHEITADEIRA-II,4.41,15.74,21.21,14.69,644.42,0
TRATOR-II,12.96,22.95,14.99,11.47,28.34,0
COLHEITADEIRA-I,40.66,51.44,0.95,17.9,828.53,0
COLHEITADEIRA-I,96.31,76.68,27.42,10.86,788.28,1
COLHEITADEIRA-II,68.65,79.34,0.37,11.66,259.04,0
COLHEITADEIRA-II,61.52,71.47,26.67,13.29,708.68,1
PULVERIZADOR-I,35.22,60.64,31.27,16.97,214.85,1
PULVERIZADOR-I,111.81,84.88,15.15,16.5,40.33,1
TRATOR-II,47.64,67.68,18.74,22.0,201.14,1
TRATOR-II,10.45,29.21,16.69,21.09,178.63,0
TRATOR-I,74.05,64.85,13.62,16.39,337.75,0
PULVERIZADOR-I,13.66,19.71,31.06,15.01,418.45,0
COLHEITADEIRA-I,41.43,36.44,31.29,14.75,508.54,1
PULVERIZADOR-I,60.89,67.29,11.75,21.61,476.75,0
COLHEITADEIRA-I,104.91,86.68,21.53,10.78,270.67,1
COLHEITADEIRA-II,59.23,52.33,32.44,10.19,29.17,1
PULVERIZADOR-I,84.27,78.98,33.67,21.93,605.1,1
COLHEITADEIRA-II,119.14,89.07,17.81,17.16,395.74,1
TRATOR-II,15.78,36.8,15.85,11.96,298.67,0
TRATOR-II,32.97,40.56,9.75,13.53,866.94,0
TRATOR-I,47.35,63.12,33.56,23.99,746.74,1
PULVERIZADOR-I,50.62,64.99,5.0,22.89,857.77,0
COLHEITADEIRA-II,49.32,53.91,20.29,20.65,494.98,0
COLHEITADEIRA-I,108.91,85.87,9.89,17.23,130.93,0
TRATOR-II,85.68,72.29,9.77,17.8,696.22,0
TRATOR-II,72.95,77.94,14.17,24.63,206.07,0
COLHEITADEIRA-I,37.12,42.12,34.96,24.49,441.23,1
COLHEITADEIRA-II,98.85,75.58,1.92,13.23,65.0,0
COLHEITADEIRA-II,114.61,81.31,20.25,22.17,825.31,1
PULVERIZADOR-I,98.54,83.13,2.89,12.96,125.94,0
PULVERIZADOR-I,0.19,24.58,5.41,13.2,903.1,0
TRATOR-I,76.37,81.05,15.38,20.14,864.23,0
TRATOR-II,6.14,20.32,17.87,16.08,464.58,0
PULVERIZADOR-I,30.91,39.98,9.06,23.97,744.37,0
COLHEITADEIRA-II,7.14,38.54,11.08,11.34,619.45,0
COLHEITADEIRA-I,72.46,78.18,3.04,17.67,803.08,0
COLHEITADEIRA-II,82.39,70.97,10.61,23.78,431.81,0
TRATOR-II,13.74,32.02,33.83,23.56,785.81,1
COLHEITADEIRA-II,46.06,46.73,33.06,12.35,462.46,1
TRATOR-I,54.75,70.83,11.72,15.5,940.97,0
TRATOR-II,44.29,40.13,19.98,19.29,486.37,0
COLHEITADEIRA-I,14.52,46.73,31.84,12.39,462.62,1
TRATOR-I,50.27,60.68,0.22,24.52,785.07,0
TRATOR-II,90.14,80.03,28.37,23.72,821.58,1
COLHEITADEIRA-I,8.52,16.09,33.19,12.5,554.49,0
TRATOR-I,9.62,30.04,3.2,11.82,179.8,0
TRATOR-I,42.57,47.78,5.65,11.28,467.76,0
TRATOR-II,113.01,82.64,33.63,23.64,968.07,1
PULVERIZADOR-I,80.23,77.83,18.81,12.9,752.99,0
TRATOR-I,81.44,88.0,0.5,16.24,811.16,0
TRATOR-I,43.43,52.92,9.02,16.73,32.83,1
COLHEITADEIRA-I,71.24,74.19,15.75,18.99,467.86,0
COLHEITADEIRA-II,1.22,12.78,24.25,11.08,646.62,0
TRATOR-II,76.33,68.33,25.66,13.4,830.03,0
TRATOR-II,109.59,79.25,34.84,23.97,49.27,1
PULVERIZADOR-I,73.51,72.49,10.06,23.63,852.44,0
PULVERIZADOR-I,104.84,100.0,18.84,21.72,548.4,1
TRATOR-II,86.88,81.98,18.67,10.29,197.31,1
PULVERIZADOR-I,14.47,20.98,14.2,14.91,317.26,0
COLHEITADEIRA-I,108.29,85.62,5.92,19.42,281.93,0
TRATOR-II,7.97,31.3,34.21,14.13,530.86,1
PULVERIZADOR-I,64.08,60.54,29.87,23.64,51.69,1
TRATOR-II,17.06,45.24,17.44,19.51,158.54,0
COLHEITADEIRA-II,1.4,35.28,21.11,11.08,812.69,0
TRATOR-I,50.64,58.74,7.95,23.64,132.6,0
TRATOR-II,35.4,42.45,19.03,24.37,233.4,0
TRATOR-I,58.32,52.65,24.32,11.17,453.37,1
PULVERIZADOR-I,69.26,54.73,18.03,17.99,517.12,0
TRATOR-I,5.25,23.8,34.66,14.55,763.61,0
TRATOR-II,14.76,31.25,21.4,15.89,447.33,0
COLHEITADEIRA-II,67.04,70.5,12.98,12.69,789.86,0
PULVERIZADOR-I,41.18,54.45,27.03,18.67,618.35,0
TRATOR-II,87.5,64.6,5.97,24.37,113.1,0
PULVERIZADOR-I,78.27,68.82,13.46,17.55,156.33,0
COLHEITADEIRA-I,101.47,76.34,12.14,11.24,437.03,0
TRATOR-I,83.1,64.56,15.11,19.3,396.89,0
COLHEITADEIRA-I,51.59,65.77,27.36,15.1,743.54,0
TRATOR-II,80.76,59.71,16.95,22.84,580.74,0
COLHEITADEIRA-II,33.05,42.4,27.79,16.52,388.13,0
PULVERIZADOR-I,36.76,37.1,20.18,12.89,170.76,0
TRATOR-I,94.68,93.19,11.97,12.87,226.84,0
PULVERIZADOR-I,53.57,58.85,28.35,21.53,575.5,0
TRATOR-II,95.81,74.42,8.34,13.98,423.44,0
PULVERIZADOR-I,98.69,84.29,7.85,21.51,514.93,0
TRATOR-I,102.91,93.69,17.66,13.09,170.68,1
TRATOR-II,110.0,100.0,9.13,14.83,662.91,0
PULVERIZADOR-I,51.72,47.64,0.32,16.98,852.54,0
COLHEITADEIRA-II,38.26,59.54,22.69,24.15,257.94,0
TRATOR-II,69.86,79.95,17.89,23.98,491.51,0
TRATOR-II,44.54,64.22,15.59,13.1,975.53,0
COLHEITADEIRA-II,72.13,72.34,33.84,15.37,333.24,1
COLHEITADEIRA-I,84.67,79.7,19.99,12.24,595.05,0
TRATOR-I,82.61,71.66,30.22,17.65,90.2,1
COLHEITADEIRA-I,44.95,59.54,4.88,16.91,606.02,0
PULVERIZADOR-I,20.02,37.95,19.92,23.51,89.63,1
COLHEITADEIRA-II,51.66,61.32,30.38,23.95,959.24,1
COLHEITADEIRA-I,17.11,33.12,20.41,15.75,715.66,0
TRATOR-II,106.81,96.03,25.13,17.38,788.16,1
PULVERIZADOR-I,41.51,59.64,13.02,23.44,704.1,0
PULVERIZADOR-I,18.54,25.51,3.24,22.1,589.73,0
COLHEITADEIRA-I,3.05,36.82,16.03,10.05,449.91,0
COLHEITADEIRA-I,77.5,72.71,13.81,14.8,858.37,0
COLHEITADEIRA-II,76.43,81.2,30.35,16.33,956.84,1
TRATOR-I,40.87,47.46,8.54,13.45,499.04,0
COLHEITADEIRA-I,8.61,26.53,33.84,12.99,931.54,0
COLHEITADEIRA-I,49.16,66.95,33.53,10.57,583.33,1
TRATOR-II,37.35,39.94,8.67,19.65,538.38,0
PULVERIZADOR-I,81.25,84.08,12.18,13.94,454.48,0
TRATOR-I,72.69,68.14,31.34,10.79,209.29,1
TRATOR-II,43.75,51.67,33.83,13.46,3.72,1
COLHEITADEIRA-II,26.15,34.94,15.52,22.03,241.51,0
COLHEITADEIRA-II,118.56,98.33,11.23,22.77,509.72,0
COLHEITADEIRA-I,54.48,52.44,18.41,17.25,379.96,0
COLHEITADEIRA-I,82.59,60.73,24.07,16.24,448.49,0
COLHEITADEIRA-II,16.87,28.28,9.57,24.67,980.65,0
COLHEITADEIRA-I,58.27,45.15,25.78,13.01,350.27,0
TRATOR-I,3.3,41.33,1.81,13.23,452.18,0
COLHEITADEIRA-I,60.65,75.37,1.73,14.38,133.52,0
PULVERIZADOR-I,115.68,91.26,13.52,12.59,47.96,1
COLHEITADEIRA-I,46.1,59.51,12.37,15.69,775.41,0
TRATOR-II,4.68,23.18,11.05,23.66,570.68,0
TRATOR-I,3.71,32.36,17.19,19.23,760.7,0
TRATOR-II,46.56,62.1,11.23,16.18,149.86,0
TRATOR-II,19.2,49.92,6.73,24.02,571.83,0
PULVERIZADOR-I,2.8,23.69,10.83,10.73,253.64,0
TRATOR-I,90.75,87.95,34.12,13.15,228.06,1
TRATOR-I,55.02,50.99,14.39,18.49,11.53,1
TRATOR-I,34.71,60.54,15.56,19.23,130.34,0
TRATOR-I,108.01,75.58,20.18,10.59,309.27,1
TRATOR-I,13.94,36.47,34.42,16.05,116.88,1
PULVERIZADOR-I,114.71,98.61,8.46,19.74,985.86,0
COLHEITADEIRA-I,37.68,53.25,23.84,20.47,308.63,0
TRATOR-II,106.61,77.58,25.06,19.57,130.32,1
TRATOR-I,72.35,81.57,21.26,14.81,199.08,1
COLHEITADEIRA-I,99.2,74.96,3.1,11.4,587.7,0
COLHEITADEIRA-I,118.08,99.53,23.69,16.41,64.04,1
TRATOR-II,34.61,37.45,2.24,11.93,862.43,0
PULVERIZADOR-I,115.34,88.42,20.86,24.21,961.5,0
COLHEITADEIRA-II,46.74,54.44,25.89,17.13,246.75,0
COLHEITADEIRA-II,46.26,50.27,7.38,14.76,450.1,0
COLHEITADEIRA-I,40.85,39.31,29.46,21.49,22.13,1
TRATOR-II,64.97,54.11,1.06,17.47,640.71,0
COLHEITADEIRA-II,18.5,33.64,29.53,14.65,413.93,1
COLHEITADEIRA-I,66.45,72.59,16.11,22.18,270.06,0
PULVERIZADOR-I,65.0,75.94,7.62,23.01,206.84,0
COLHEITADEIRA-II,91.43,67.38,4.68,20.1,654.02,0
COLHEITADEIRA-I,100.04,81.82,33.37,10.7,416.22,1
COLHEITADEIRA-I,52.85,44.72,2.54,18.49,179.66,0
TRATOR-I,36.28,32.27,6.97,21.45,689.11,0
PULVERIZADOR-I,31.12,48.52,12.17,12.05,565.07,0
TRATOR-I,23.35,42.09,21.71,13.43,858.67,0
TRATOR-II,6.92,19.04,19.07,23.24,117.48,0
TRATOR-I,41.09,41.67,4.4,10.3,785.67,0
TRATOR-I,32.43,30.17,10.14,21.29,673.52,0
COLHEITADEIRA-II,115.97,100.0,8.36,17.11,115.01,0
COLHEITADEIRA-I,66.93,79.4,7.47,16.7,694.82,0
PULVERIZADOR-I,41.67,39.07,14.39,10.11,441.55,0
TRATOR-I,69.66,58.74,24.64,22.29,944.98,0
PULVERIZADOR-I,16.7,46.07,7.61,15.4,141.61,0
TRATOR-I,53.29,69.77,12.83,18.11,642.83,0
TRATOR-II,75.15,67.68,13.68,20.16,381.98,0
TRATOR-I,58.67,46.72,34.18,20.54,956.81,0
COLHEITADEIRA-II,48.21,40.11,33.41,24.34,329.97,0
COLHEITADEIRA-I,119.26,98.78,28.0,17.97,962.19,1
TRATOR-II,105.64,85.17,8.46,16.0,901.49,0
TRATOR-I,74.81,55.74,2.38,24.31,270.38,0
PULVERIZADOR-I,68.33,68.49,11.09,19.63,803.54,0
TRATOR-II,74.48,55.03,9.34,14.47,995.6,0
TRATOR-II,24.16,48.12,17.71,11.9,252.66,0
TRATOR-I,47.42,47.64,27.22,22.64,436.78,0
TRATOR-II,4.74,14.05,30.04,15.43,520.18,0
PULVERIZADOR-I,57.07,61.89,29.57,19.91,294.93,1
TRATOR-II,65.16,61.03,12.59,17.06,15.26,0
PULVERIZADOR-I,27.33,55.61,24.05,12.98,220.13,0
TRATOR-I,115.68,95.74,10.95,19.03,281.94,0
COLHEITADEIRA-I,109.13,83.74,2.13,10.91,443.6,0
TRATOR-II,86.66,83.28,24.55,16.2,171.1,1
COLHEITADEIRA-I,64.01,56.55,0.34,18.2,873.25,0
PULVERIZADOR-I,104.4,99.77,14.32,16.54,704.91,0
TRATOR-II,15.68,30.65,11.53,21.23,85.2,0
COLHEITADEIRA-II,94.86,83.41,24.27,22.42,650.09,1
COLHEITADEIRA-I,14.98,20.5,26.82,21.57,653.66,0
TRATOR-II,95.31,79.97,10.64,10.58,956.22,0
COLHEITADEIRA-I,33.09,54.83,28.41,12.91,3.02,1
TRATOR-II,105.25,97.32,10.29,18.05,247.93,1
TRATOR-I,113.29,84.7,15.62,24.02,927.79,0
COLHEITADEIRA-I,17.86,27.5,25.45,22.52,932.13,0
COLHEITADEIRA-II,55.52,67.83,24.25,22.64,720.59,0
COLHEITADEIRA-II,117.72,100.0,34.56,14.55,765.76,1
PULVERIZADOR-I,58.01,47.67,7.88,16.44,91.48,0
TRATOR-II,103.63,85.68,23.18,17.06,513.88,1
COLHEITADEIRA-I,70.65,62.51,21.34,12.36,231.58,0
PULVERIZADOR-I,45.04,63.14,32.03,10.47,181.22,1
COLHEITADEIRA-I,34.29,33.08,5.47,24.2,810.3,0
TRATOR-II,24.39,30.97,26.31,13.61,135.04,0
COLHEITADEIRA-II,91.42,87.42,19.89,13.6,468.65,1
TRATOR-I,46.38,39.37,9.61,11.25,938.58,0
COLHEITADEIRA-II,61.35,61.59,16.61,23.93,185.83,1
PULVERIZADOR-I,59.08,58.71,11.68,18.7,977.99,0
TRATOR-I,69.27,61.6,20.28,20.01,994.29,0
PULVERIZADOR-I,103.87,84.16,31.12,23.67,555.62,1
TRATOR-II,117.69,96.51,19.93,15.18,170.14,1
TRATOR-I,48.91,44.19,22.11,19.32,316.1,0
PULVERIZADOR-I,99.3,86.74,18.16,10.58,424.49,0
TRATOR-II,91.74,89.21,1.79,12.8,309.32,0
COLHEITADEIRA-II,68.82,74.1,8.15,22.47,280.64,0
TRATOR-II,114.73,83.45,17.22,21.5,972.23,0
COLHEITADEIRA-I,24.06,28.91,10.86,15.26,153.36,0
TRATOR-II,13.11,25.91,6.36,15.65,733.33,0
TRATOR-II,102.48,82.32,17.64,18.0,0.41,1
COLHEITADEIRA-I,52.7,53.87,11.3,10.0,596.18,0
PULVERIZADOR-I,101.64,91.37,9.03,13.62,915.94,0
PULVERIZADOR-I,107.17,76.0,16.24,13.12,287.93,0
TRATOR-II,7.49,15.54,4.66,13.76,185.53,0
COLHEITADEIRA-I,106.02,85.37,32.47,22.09,651.68,1
COLHEITADEIRA-I,53.8,63.19,30.37,14.2,712.6,0
COLHEITADEIRA-II,61.25,52.55,24.77,12.87,688.03,1
PULVERIZADOR-I,75.19,74.36,3.72,17.56,319.32,0
TRATOR-I,111.17,84.49,27.16,22.98,252.2,1
PULVERIZADOR-I,2.29,37.96,28.28,13.62,955.92,0
PULVERIZADOR-I,57.22,71.2,26.87,11.18,923.3,0
COLHEITADEIRA-II,82.53,68.43,3.99,15.35,457.32,0
TRATOR-I,86.72,68.93,22.54,21.21,846.19,1
COLHEITADEIRA-II,83.1,72.2,29.2,18.26,452.32,1
TRATOR-I,16.13,26.9,20.21,22.25,424.39,0
TRATOR-II,35.93,51.73,22.62,24.39,156.76,1
TRATOR-I,43.05,60.61,16.04,21.89,426.41,0
COLHEITADEIRA-II,96.53,88.11,18.5,19.06,537.42,1
PULVERIZADOR-I,33.45,54.8,1.2,17.4,22.5,0
TRATOR-I,25.28,37.08,22.36,10.6,444.11,0
TRATOR-I,114.89,83.63,2.85,24.76,781.36,0
COLHEITADEIRA-I,1.06,32.78,15.23,15.75,680.05,0
PULVERIZADOR-I,119.74,92.66,10.24,12.28,635.16,0
TRATOR-II,81.22,78.87,19.09,20.0,909.56,0
COLHEITADEIRA-II,99.42,77.77,4.67,14.26,18.03,0
TRATOR-II,35.35,33.65,24.21,18.79,557.05,0
PULVERIZADOR-I,1.72,40.81,27.83,18.8,787.35,0
TRATOR-I,88.54,67.81,5.72,16.69,541.34,0
TRATOR-I,100.1,99.71,3.65,22.54,323.9,0
PULVERIZADOR-I,88.86,92.63,5.09,13.97,136.25,0
TRATOR-I,17.14,44.1,30.7,16.73,887.56,1
TRATOR-I,90.41,84.03,18.49,18.07,470.76,1
TRATOR-I,92.27,82.7,16.35,19.95,878.12,0
COLHEITADEIRA-II,79.02,83.4,3.73,21.76,585.85,0
COLHEITADEIRA-II,91.93,73.84,22.73,15.92,674.19,0
COLHEITADEIRA-I,101.51,84.94,30.38,19.69,804.26,1
TRATOR-II,73.63,72.76,28.99,12.26,659.16,1
PULVERIZADOR-I,10.63,28.72,21.91,23.99,398.05,0
PULVERIZADOR-I,58.52,57.93,2.63,15.75,513.63,0
PULVERIZADOR-I,9.32,25.5,3.93,20.94,803.05,0
COLHEITADEIRA-I,48.91,56.27,1.73,10.31,373.65,0
COLHEITADEIRA-II,48.85,64.83,9.01,13.08,388.12,0
COLHEITADEIRA-I,7.92,20.8,4.75,17.31,95.69,0
PULVERIZADOR-I,41.86,63.15,9.1,23.17,914.58,0
TRATOR-II,13.32,38.66,13.48,17.91,91.04,0
TRATOR-I,96.99,92.89,33.0,23.95,648.21,1
COLHEITADEIRA-II,113.72,94.92,21.36,17.26,413.19,1
COLHEITADEIRA-II,8.68,38.59,29.22,17.36,405.62,1
COLHEITADEIRA-I,114.61,79.25,24.86,11.8,679.55,0
COLHEITADEIRA-II,62.71,72.18,3.94,22.04,67.09,0
PULVERIZADOR-I,35.95,32.77,25.76,13.7,593.71,0
PULVERIZADOR-I,9.22,42.23,9.63,23.49,772.03,0
COLHEITADEIRA-I,60.07,75.8,22.37,23.66,828.21,1
PULVERIZADOR-I,95.34,76.03,11.93,24.15,170.53,0
TRATOR-II,84.85,67.22,34.92,17.8,897.42,1
COLHEITADEIRA-I,6.03,36.58,9.22,20.16,656.15,0
TRATOR-II,8.75,22.84,9.77,21.68,881.85,0
TRATOR-I,48.34,64.97,32.57,11.97,485.28,1
TRATOR-II,35.43,34.35,0.86,19.01,542.03,0
TRATOR-I,27.89,30.51,24.38,10.51,919.04,0
TRATOR-I,33.72,59.61,25.39,17.46,899.91,0
TRATOR-II,96.42,88.07,29.27,12.32,448.16,1
COLHEITADEIRA-I,111.51,100.0,34.11,12.74,274.41,1
PULVERIZADOR-I,48.61,48.9,34.15,15.48,393.17,1
PULVERIZADOR-I,108.73,95.53,2.28,16.49,387.76,0
TRATOR-I,38.58,50.97,28.76,19.35,286.87,1
TRATOR-I,57.17,62.4,22.62,11.12,268.58,0
COLHEITADEIRA-I,27.12,46.75,22.66,17.56,861.06,0
COLHEITADEIRA-II,76.86,73.38,4.49,12.74,69.86,0
TRATOR-II,117.48,93.36,22.76,18.61,677.61,1
TRATOR-I,72.42,61.73,34.39,19.56,172.82,1
PULVERIZADOR-I,42.94,58.82,31.91,18.35,344.51,1
COLHEITADEIRA-I,77.74,63.43,15.37,21.07,61.54,0
TRATOR-II,14.75,39.62,1.4,15.03,269.97,0
COLHEITADEIRA-I,106.64,80.98,12.68,21.48,768.42,0
TRATOR-II,60.37,64.98,28.92,16.49,885.02,1
TRATOR-II,53.92,64.77,24.55,17.26,221.53,1
TRATOR-I,70.3,58.74,16.08,19.72,463.55,0
COLHEITADEIRA-I,74.97,56.78,1.93,10.28,470.32,0
COLHEITADEIRA-I,8.61,19.1,14.94,19.81,873.58,0
PULVERIZADOR-I,81.91,77.33,16.42,19.28,762.8,0
PULVERIZADOR-I,29.03,52.9,32.5,14.65,513.08,1
TRATOR-I,85.67,62.75,22.44,11.29,670.75,0
TRATOR-I,98.7,91.25,10.91,11.36,847.36,0
COLHEITADEIRA-II,96.48,78.12,18.39,23.85,9.54,1
PULVERIZADOR-I,66.3,64.14,2.31,20.34,402.89,0
TRATOR-II,62.42,75.32,34.04,11.91,907.24,1
COLHEITADEIRA-I,17.15,30.25,12.6,15.35,740.31,0
TRATOR-I,93.04,79.79,16.73,18.89,542.84,0
COLHEITADEIRA-I,32.57,29.95,12.43,22.53,529.64,0
COLHEITADEIRA-I,59.6,48.21,23.89,10.65,347.77,0
COLHEITADEIRA-II,34.11,38.23,23.18,13.55,520.52,0
PULVERIZADOR-I,16.06,20.47,25.04,23.35,655.38,0
TRATOR-I,75.55,74.27,9.39,10.14,418.36,0
COLHEITADEIRA-I,6.52,26.7,11.05,13.02,714.15,0
TRATOR-I,89.84,80.35,4.38,24.39,861.23,0
TRATOR-II,38.11,38.11,22.94,19.2,154.68,1
COLHEITADEIRA-II,0.02,18.89,1.39,13.93,451.55,0
TRATOR-II,61.34,66.72,20.92,11.0,408.02,0
TRATOR-I,5.62,42.33,30.44,10.42,687.46,0
TRATOR-I,33.14,31.4,31.18,13.67,249.87,0
PULVERIZADOR-I,84.84,87.61,15.72,23.22,640.25,0
COLHEITADEIRA-I,7.52,31.82,16.08,16.24,877.49,0
COLHEITADEIRA-I,100.72,87.35,2.69,20.81,418.13,0
TRATOR-II,0.46,25.28,23.48,23.77,911.02,0
COLHEITADEIRA-II,29.62,29.85,28.74,16.12,993.16,0
COLHEITADEIRA-I,88.91,66.04,8.56,12.87,106.09,0
PULVERIZADOR-I,37.95,50.8,14.75,17.76,233.05,0
TRATOR-II,12.23,27.57,29.36,23.62,950.38,0
TRATOR-II,43.23,63.45,30.7,22.07,958.33,1
PULVERIZADOR-I,32.45,41.67,8.51,10.99,97.71,0
COLHEITADEIRA-II,101.13,74.97,19.27,20.39,15.0,1
PULVERIZADOR-I,37.6,54.0,6.74,18.58,161.1,0
COLHEITADEIRA-II,94.67,75.6,3.57,23.61,996.01,0
PULVERIZADOR-I,107.02,89.98,31.89,11.84,180.0,1
PULVERIZADOR-I,52.06,62.17,28.72,18.01,502.55,0
TRATOR-I,109.19,100.0,26.6,23.19,848.42,1
TRATOR-II,45.28,60.93,1.71,16.15,20.4,1
PULVERIZADOR-I,115.69,99.7,29.53,17.23,604.49,1
PULVERIZADOR-I,10.71,36.82,15.33,11.06,277.03,0
COLHEITADEIRA-I,82.44,87.84,11.98,14.17,862.33,0
TRATOR-II,59.26,54.43,19.13,14.87,283.46,0
COLHEITADEIRA-I,46.52,37.94,3.2,24.18,686.76,0
TRATOR-II,75.93,63.71,26.48,14.24,674.22,1
COLHEITADEIRA-I,84.46,67.21,20.39,16.91,221.49,0
PULVERIZADOR-I,0.52,30.17,6.53,20.07,34.8,0
PULVERIZADOR-I,20.03,41.03,6.59,12.43,409.25,0
TRATOR-I,85.57,79.14,6.45,17.3,289.19,0
COLHEITADEIRA-I,79.97,58.47,2.0,21.08,808.98,0
COLHEITADEIRA-II,115.93,100.0,20.57,23.0,800.36,1
TRATOR-I,91.32,74.5,29.41,19.39,457.02,0
COLHEITADEIRA-I,114.09,98.41,0.61,20.04,606.51,0
COLHEITADEIRA-I,84.3,77.28,1.72,11.89,604.26,0
TRATOR-I,35.77,41.74,20.05,24.19,827.16,0
PULVERIZADOR-I,12.64,21.62,28.68,11.99,425.0,1
COLHEITADEIRA-I,93.82,69.12,11.44,21.62,275.45,0
PULVERIZADOR-I,77.3,81.32,12.24,13.97,265.03,0
TRATOR-I,5.78,41.02,20.87,24.0,536.19,1
PULVERIZADOR-I,43.21,55.42,9.6,20.8,449.15,0
TRATOR-II,114.82,81.99,0.93,21.31,440.12,0
COLHEITADEIRA-II,60.05,58.09,25.73,13.29,91.14,1
COLHEITADEIRA-I,51.93,63.02,21.9,16.65,718.6,1
COLHEITADEIRA-II,54.92,66.35,20.33,19.27,213.74,0
PULVERIZADOR-I,25.07,28.59,25.96,21.55,196.95,0
COLHEITADEIRA-I,44.24,36.55,23.63,11.56,412.76,0
PULVERIZADOR-I,44.38,57.99,7.21,24.44,227.78,0
TRATOR-II,6.28,24.47,12.34,23.35,583.86,0
TRATOR-I,92.11,72.9,4.41,14.06,371.46,0
COLHEITADEIRA-I,49.98,40.38,4.54,22.34,448.91,0
TRATOR-II,98.66,85.41,23.67,17.77,537.17,0
TRATOR-II,102.04,96.76,30.05,16.93,203.54,1
COLHEITADEIRA-I,25.44,53.99,33.7,14.72,155.75,1
PULVERIZADOR-I,78.88,74.3,21.99,18.71,880.42,1
TRATOR-II,56.67,59.44,6.44,20.95,433.72,0
COLHEITADEIRA-II,105.62,75.92,3.7,16.16,412.09,0
TRATOR-II,25.89,42.0,28.45,19.44,35.61,1
PULVERIZADOR-I,81.34,70.2,20.26,20.49,497.98,1
PULVERIZADOR-I,72.93,71.97,21.64,20.67,554.17,0
COLHEITADEIRA-II,35.44,42.92,27.35,10.78,558.84,0
TRATOR-II,16.39,27.04,24.61,22.9,707.03,0
PULVERIZADOR-I,78.2,59.77,29.21,16.87,177.48,1
COLHEITADEIRA-I,88.63,72.63,1.97,13.94,252.22,0
TRATOR-I,37.88,35.62,26.16,13.63,810.73,0
TRATOR-I,77.38,61.73,29.78,17.25,947.17,1
TRATOR-I,47.42,68.07,10.01,23.3,135.93,1
TRATOR-II,85.58,74.67,22.42,15.68,497.65,1
COLHEITADEIRA-II,23.91,40.3,11.0,21.25,214.18,0
PULVERIZADOR-I,106.83,100.0,33.53,11.45,60.07,1
COLHEITADEIRA-I,34.49,60.56,1.17,17.14,325.5,0
COLHEITADEIRA-I,44.13,53.96,20.29,24.88,143.69,1
TRATOR-II,6.97,38.56,5.83,21.56,709.93,0
TRATOR-I,13.38,27.84,24.93,13.16,533.73,0
TRATOR-II,61.9,56.31,6.16,17.52,143.83,0
COLHEITADEIRA-II,32.11,41.35,8.24,13.5,9.24,0
COLHEITADEIRA-II,100.26,90.33,17.3,16.14,808.16,1
PULVERIZADOR-I,1.76,31.52,32.02,21.7,176.19,1
PULVERIZADOR-I,45.49,46.75,7.41,21.57,606.22,0
COLHEITADEIRA-II,40.48,38.29,5.05,13.42,336.92,0
COLHEITADEIRA-II,2.32,30.36,26.56,23.83,585.49,0
